title,url,year
Using {PEGW}ritingÂ® to Support the Writing Motivation and Writing Quality of Eighth-Grade Students: A Quasi-Experimental Study,https://aclanthology.org/W15-0621,2015
Towards Creating Pedagogic Views from Encyclopedic Resources,https://aclanthology.org/W15-0622,2015
Judging the Quality of Automatically Generated Gap-fill Question using Active Learning,https://aclanthology.org/W15-0623,2015
Generating Reference Texts for Short Answer Scoring Using Graph-based Summarization,https://aclanthology.org/W15-0624,2015
Evaluating the performance of Automated Text Scoring systems,https://aclanthology.org/W15-0625,2015
Task-Independent Features for Automated Essay Grading,https://aclanthology.org/W15-0626,2015
Using Learner Data to Improve Error Correction in Adjective{--}Noun Combinations,https://aclanthology.org/W15-0627,2015
Using {NLP} to Support Scalable Assessment of Short Free Text Responses,https://aclanthology.org/W15-0628,2015
Automatically Scoring Freshman Writing: A Preliminary Investigation,https://aclanthology.org/W15-0629,2015
Proceedings of the 2nd Workshop on Argumentation Mining,https://aclanthology.org/W15-0500,2015
Linking the Thoughts: Analysis of Argumentation Structures in Scientific Publications,https://aclanthology.org/W15-0501,2015
Identifying Argumentation Schemes in Genetics Research Articles,https://aclanthology.org/W15-0502,2015
Extracting Argument and Domain Words for Identifying Argument Components in Texts,https://aclanthology.org/W15-0503,2015
Towards relation based Argumentation Mining,https://aclanthology.org/W15-0504,2015
A Shared Task on Argumentation Mining in Newspaper Editorials,https://aclanthology.org/W15-0505,2015
Conditional Random Fields for Identifying Appropriate Types of Support for Propositions in Online User Comments,https://aclanthology.org/W15-0506,2015
A Computational Approach for Generating Toulmin Model Argumentation,https://aclanthology.org/W15-0507,2015
Argument Extraction from News,https://aclanthology.org/W15-0508,2015
From Argumentation Mining to Stance Classification,https://aclanthology.org/W15-0509,2015
Argument Discovery and Extraction with the Argument Workbench,https://aclanthology.org/W15-0510,2015
"Automatic Claim Negation: Why, How and When",https://aclanthology.org/W15-0511,2015
Learning Sentence Ordering for Opinion Generation of Debate,https://aclanthology.org/W15-0512,2015
Towards Detecting Counter-considerations in Text,https://aclanthology.org/W15-0513,2015
Identifying Prominent Arguments in Online Debates Using Semantic Textual Similarity,https://aclanthology.org/W15-0514,2015
And That{'}s A Fact: Distinguishing Factual and Emotional Argumentation in Online Dialogue,https://aclanthology.org/W15-0515,2015
Combining Argument Mining Techniques,https://aclanthology.org/W15-0516,2015
Proceedings of the 1st Workshop on Language and Ontologies,https://aclanthology.org/W15-0400,2015
Extending {OWL} Ontologies by {C}artesian Types to Represent N-ary Relations in Natural Language,https://aclanthology.org/W15-0401,2015
Ontology Authoring Inspired By Dialogue,https://aclanthology.org/W15-0402,2015
Parsing Software Requirements with an Ontology-based Semantic Role Labeler,https://aclanthology.org/W15-0403,2015
Using Ontologies to Model Polysemy in Lexical Resources,https://aclanthology.org/W15-0404,2015
Modelling time and space in {B}razilian culture,https://aclanthology.org/W15-0405,2015
"Trimming a consistent {OWL} knowledge base, relying on linguistic evidence",https://aclanthology.org/W15-0406,2015
When is Lying the Right Choice?,https://aclanthology.org/W15-0407,2015
Proceedings of the Workshop on Models for Modality Annotation,https://aclanthology.org/W15-0300,2015
Towards a Unified Approach to Modality Annotation in {P}ortuguese,https://aclanthology.org/W15-0301,2015
A hedging annotation scheme focused on epistemic phrases for informal language,https://aclanthology.org/W15-0302,2015
"Annotating modals with {G}raph{A}nno, a configurable lightweight tool for multi-level annotation",https://aclanthology.org/W15-0303,2015
Proceedings of the 11th Joint {ACL}-{ISO} Workshop on Interoperable Semantic Annotation ({ISA}-11),https://aclanthology.org/W15-0200,2015
On the Principles of Semantic Annotation,https://aclanthology.org/W15-0201,2015
Using a unified taxonomy to annotate discourse markers in speech and writing,https://aclanthology.org/W15-0202,2015
"Creating and retrieving tense and aspect annotation with {G}raph{A}nno, a lightweight tool for multi-level annotation",https://aclanthology.org/W15-0203,2015
The Semantics of Image Annotation,https://aclanthology.org/W15-0204,2015
Factors Influencing the Implicitation of Discourse Relations across Languages,https://aclanthology.org/W15-0205,2015
Instrument subjects without Instrument role,https://aclanthology.org/W15-0206,2015
The Annotation of Measure Expressions in {ISO} Standards,https://aclanthology.org/W15-0207,2015
A Flexible Tool for Manual Word Sense Annotation,https://aclanthology.org/W15-0208,2015
Annotating Attribution Relations across Languages and Genres,https://aclanthology.org/W15-0209,2015
Semantic Relations in Discourse: The Current State of {ISO} 24617-8,https://aclanthology.org/W15-0210,2015
Analysis of Temporal Expressions Annotated in Clinical Notes,https://aclanthology.org/W15-0211,2015
Rapid {F}rame{N}et annotation of spoken conversation transcripts,https://aclanthology.org/W15-0212,2015
Proceedings of the Australasian Language Technology Association Workshop 2015,https://aclanthology.org/U15-1000,2015
Query-Based Single Document Summarization Using an Ensemble Noisy Auto-Encoder,https://aclanthology.org/U15-1001,2015
Comparison of Visual and Logical Character Segmentation in Tesseract {OCR} Language Data for Indic Writing Scripts,https://aclanthology.org/U15-1002,2015
Analysis of Word Embeddings and Sequence Features for Clinical Information Extraction,https://aclanthology.org/U15-1003,2015
Using Entity Information from a Knowledge Base to Improve Relation Extraction,https://aclanthology.org/U15-1004,2015
Likelihood Ratio-based Forensic Voice Comparison on {L}2 speakers: A Case of {H}ong {K}ong native male production of {E}nglish vowels,https://aclanthology.org/U15-1005,2015
Similarity Metrics for Clustering {P}ub{M}ed Abstracts for Evidence Based Medicine,https://aclanthology.org/U15-1006,2015
Finding Names in Trove: Named Entity Recognition for {A}ustralian Historical Newspapers,https://aclanthology.org/U15-1007,2015
Clinical Information Extraction Using Word Representations,https://aclanthology.org/U15-1008,2015
How few is too few? Determining the minimum acceptable number of {LSA} dimensions to visualise text cohesion with Lex,https://aclanthology.org/U15-1009,2015
Domain Adaption of Named Entity Recognition to Support Credit Risk Assessment,https://aclanthology.org/U15-1010,2015
Do {POS} Tags Help to Learn Better Morphological Segmentations?,https://aclanthology.org/U15-1011,2015
Structural Alignment as the Basis to Improve Significant Change Detection in Versioned Sentences,https://aclanthology.org/U15-1012,2015
More Efficient Topic Modelling Through a Noun Only Approach,https://aclanthology.org/U15-1013,2015
Improving Topic Coherence with Latent Feature Word Representations in {MAP} Estimation for Topic Modeling,https://aclanthology.org/U15-1014,2015
Understanding engagement with insurgents through retweet rhetoric,https://aclanthology.org/U15-1015,2015
A comparison and analysis of models for event trigger detection,https://aclanthology.org/U15-1016,2015
Overview of the 2015 {ALTA} Shared Task: Identifying {F}rench Cognates in {E}nglish Text,https://aclanthology.org/U15-1017,2015
Cognate Identification using Machine Translation,https://aclanthology.org/U15-1018,2015
Word Transformation Heuristics Agains Lexicons for Cognate Detection,https://aclanthology.org/U15-1019,2015
Detecting {E}nglish-{F}rench Cognates Using Orthographic Edit Distance,https://aclanthology.org/U15-1020,2015
Proceedings of the 9th International Workshop on Semantic Evaluation ({S}em{E}val 2015),https://aclanthology.org/S15-2000,2015
{S}em{E}val-2015 Task 1: Paraphrase and Semantic Similarity in {T}witter ({PIT}),https://aclanthology.org/S15-2001,2015
{MITRE}: Seven Systems for Semantic Similarity in Tweets,https://aclanthology.org/S15-2002,2015
{CICBUAP}nlp: Graph-Based Approach for Answer Selection in Community Question Answering Task,https://aclanthology.org/S15-2003,2015
"{HLTC}-{HKUST}: A Neural Network Paraphrase Classifier using Translation Metrics, Semantic Roles and Lexical Similarity Features",https://aclanthology.org/S15-2004,2015
{FBK}-{HLT}: An Effective System for Paraphrase Identification and Semantic Similarity in {T}witter,https://aclanthology.org/S15-2005,2015
{ECNU}: Leveraging Word Embeddings to Boost Performance for Paraphrase in {T}witter,https://aclanthology.org/S15-2006,2015
{ROB}: Using Semantic Meaning to Recognize Paraphrases,https://aclanthology.org/S15-2007,2015
{AMRITA}{\_}{CEN}@{S}em{E}val-2015: Paraphrase Detection for {T}witter using Unsupervised Feature Learning with Recursive Autoencoders,https://aclanthology.org/S15-2008,2015
{E}biquity: Paraphrase and Semantic Similarity in {T}witter using Skipgrams,https://aclanthology.org/S15-2009,2015
{RTM}-{DCU}: Predicting Semantic Similarity with Referential Translation Machines,https://aclanthology.org/S15-2010,2015
{T}witter Paraphrase Identification with Simple Overlap Features and {SVM}s,https://aclanthology.org/S15-2011,2015
{TKLBLIIR}: Detecting {T}witter Paraphrases with {T}weeting{J}ay,https://aclanthology.org/S15-2012,2015
{CDTDS}: Predicting Paraphrases in {T}witter via Support Vector Regression,https://aclanthology.org/S15-2013,2015
yi{G}ou: A Semantic Text Similarity Computing System Based on {SVM},https://aclanthology.org/S15-2014,2015
{USAAR}-{SHEFFIELD}: Semantic Textual Similarity with Deep Regression and Machine Translation Evaluation Metrics,https://aclanthology.org/S15-2015,2015
{T}r{WP}: Text Relatedness using Word and Phrase Relatedness,https://aclanthology.org/S15-2016,2015
{M}ini{E}xperts: An {SVM} Approach for Measuring Semantic Textual Similarity,https://aclanthology.org/S15-2017,2015
{FBK}-{HLT}: A New Framework for Semantic Textual Similarity,https://aclanthology.org/S15-2018,2015
{UMD}uluth-{B}lue{T}eam: {SVCSTS} - A Multilingual and Chunk Level Semantic Similarity System,https://aclanthology.org/S15-2019,2015
{S}emanti{KLUE}: Semantic Textual Similarity with Maximum Weight Matching,https://aclanthology.org/S15-2020,2015
{ECNU}: Using Traditional Similarity Measurements and Word Embedding for Semantic Textual Similarity Estimation,https://aclanthology.org/S15-2021,2015
{UQ}e{R}esearch: Semantic Textual Similarity Quantification,https://aclanthology.org/S15-2022,2015
{WSL}: Sentence Similarity Using Semantic Distance Between Words,https://aclanthology.org/S15-2023,2015
{SOPA}: Random Forests Regression for the Semantic Textual Similarity task,https://aclanthology.org/S15-2024,2015
{M}ath{L}ing{B}udapest: Concept Networks for Semantic Similarity,https://aclanthology.org/S15-2025,2015
{DCU}: Using Distributional Semantics and Domain Adaptation for the Semantic Textual Similarity {S}em{E}val-2015 Task 2,https://aclanthology.org/S15-2026,2015
{DLS}@{CU}: Sentence Similarity from Word Alignment and Semantic Vector Composition,https://aclanthology.org/S15-2027,2015
{FCICU}: The Integration between Sense-Based Kernel and Surface-Based Methods to Measure Semantic Textual Similarity,https://aclanthology.org/S15-2028,2015
{AZMAT}: Sentence Similarity Using Associative Matrices,https://aclanthology.org/S15-2029,2015
{N}e{R}o{S}im: A System for Measuring and Interpreting Semantic Textual Similarity,https://aclanthology.org/S15-2030,2015
{S}amsung: Align-and-Differentiate Approach to Semantic Textual Similarity,https://aclanthology.org/S15-2031,2015
{UBC}: Cubes for {E}nglish Semantic Textual Similarity and Supervised Approaches for Interpretable {STS},https://aclanthology.org/S15-2032,2015
{ASAP}-{II}: From the Alignment of Phrases to Textual Similarity,https://aclanthology.org/S15-2033,2015
{TATO}: Leveraging on Multiple Strategies for Semantic Textual Similarity,https://aclanthology.org/S15-2034,2015
{HITSZ}-{ICRC}: Exploiting Classification Approach for Answer Selection in Community Question Answering,https://aclanthology.org/S15-2035,2015
{QCRI}: Answer Selection for Community Question Answering - Experiments for {A}rabic and {E}nglish,https://aclanthology.org/S15-2036,2015
{ICRC}-{HIT}: A Deep Learning based Comment Sequence Labeling System for Answer Selection Challenge,https://aclanthology.org/S15-2037,2015
{JAIST}: Combining multiple features for Answer Selection in Community Question Answering,https://aclanthology.org/S15-2038,2015
{S}hiraz: A Proposed List Wise Approach to Answer Validation,https://aclanthology.org/S15-2039,2015
Al-Bayan: A Knowledge-based System for {A}rabic Answer Selection,https://aclanthology.org/S15-2040,2015
{FBK}-{HLT}: An Application of Semantic Textual Similarity for Answer Selection in Community Question Answering,https://aclanthology.org/S15-2041,2015
{ECNU}: Using Multiple Sources of {CQA}-based Information for Answers Selection and {YES}/{NO} Response Inference,https://aclanthology.org/S15-2042,2015
{V}oltron: A Hybrid System For Answer Validation Based On Lexical And Distance Features,https://aclanthology.org/S15-2043,2015
{C}o{M}i{C}: Adapting a Short Answer Assessment System for Answer Selection,https://aclanthology.org/S15-2044,2015
"{S}em{E}val-2015 Task 2: Semantic Textual Similarity, {E}nglish, {S}panish and Pilot on Interpretability",https://aclanthology.org/S15-2045,2015
{E}x{B} Themis: Extensive Feature Extraction from Word Alignments for Semantic Textual Similarity,https://aclanthology.org/S15-2046,2015
{S}em{E}val-2015 Task 3: Answer Selection in Community Question Answering,https://aclanthology.org/S15-2047,2015
{V}ector{SLU}: A Continuous Word Vector Approach to Answer Selection in Community Question Answering Systems,https://aclanthology.org/S15-2048,2015
{S}em{E}val-2015 Task 13: Multilingual All-Words Sense Disambiguation and Entity Linking,https://aclanthology.org/S15-2049,2015
{LIMSI}: Translations as Source of Indirect Supervision for Multilingual All-Words Sense Disambiguation and Entity Linking,https://aclanthology.org/S15-2050,2015
{S}em{E}val-2015 Task 14: Analysis of Clinical Text,https://aclanthology.org/S15-2051,2015
{UTH}-{CCB}: The Participation of the {S}em{E}val 2015 Challenge {--} Task 14,https://aclanthology.org/S15-2052,2015
{S}em{E}val-2015 Task 15: A {CPA} dictionary-entry-building task,https://aclanthology.org/S15-2053,2015
{BLCUNLP}: Corpus Pattern Analysis for Verbs Based on Dependency Chain,https://aclanthology.org/S15-2054,2015
{WSD}-games: a Game-Theoretic Algorithm for Unsupervised Word Sense Disambiguation,https://aclanthology.org/S15-2055,2015
{DFKI}: Multi-objective Optimization for the Joint Disambiguation of Entities and Nouns {\&} Deep Verb Sense Disambiguation,https://aclanthology.org/S15-2056,2015
{EBL}-Hope: Multilingual Word Sense Disambiguation Using a Hybrid Knowledge-Based Technique,https://aclanthology.org/S15-2057,2015
{VUA}-background : When to Use Background Information to Perform Word Sense Disambiguation,https://aclanthology.org/S15-2058,2015
{T}eam{UFAL}: {WSD}+{EL} as Document Retrieval,https://aclanthology.org/S15-2059,2015
{EL}92: Entity Linking Combining Open Source Annotators via Weighted Voting,https://aclanthology.org/S15-2060,2015
{UNIBA}: Combining Distributional Semantic Models and Sense Distribution for Multilingual All-Words Sense Disambiguation and Entity Linking,https://aclanthology.org/S15-2061,2015
{SUDOKU}: Treating Word Sense Disambiguation {\&} Entitiy Linking as a Deterministic Problem - via an Unsupervised {\&} Iterative Approach,https://aclanthology.org/S15-2062,2015
{T}eam{HCMUS}: Analysis of Clinical Text,https://aclanthology.org/S15-2063,2015
{UTU}: Adapting Biomedical Event Extraction System to Disorder Attribute Detection,https://aclanthology.org/S15-2064,2015
{IHS}-{RD}-{B}elarus: Identification and Normalization of Disorder Concepts in Clinical Notes,https://aclanthology.org/S15-2065,2015
{UWM}: A Simple Baseline Method for Identifying Attributes of Disease and Disorder Mentions in Clinical Text,https://aclanthology.org/S15-2066,2015
{TAKELAB}: Medical Information Extraction and Linking with {MINERAL},https://aclanthology.org/S15-2067,2015
{TMUNSW}: Identification of Disorders and Normalization to {SNOMED}-{CT} Terminology in Unstructured Clinical Notes,https://aclanthology.org/S15-2068,2015
{U}tah{POET}: Disorder Mention Identification and Context Slot Filling with Cognitive Inspiration,https://aclanthology.org/S15-2069,2015
{UL}isboa: Recognition and Normalization of Medical Concepts,https://aclanthology.org/S15-2070,2015
ez{DI}: A Supervised {NLP} System for Clinical Narrative Analysis,https://aclanthology.org/S15-2071,2015
{CUAB}: Supervised Learning of Disorders and their Attributes using Relations,https://aclanthology.org/S15-2072,2015
{B}ioinformatics{UA}: Machine Learning and Rule-Based Recognition of Disorders and Clinical Attributes from Patient Notes,https://aclanthology.org/S15-2073,2015
{LIST}-{LUX}: Disorder Identification from Clinical Texts,https://aclanthology.org/S15-2074,2015
{CMILLS}: Adapting Semantic Role Labeling Features to Dependency Parsing,https://aclanthology.org/S15-2075,2015
{D}uluth: Word Sense Discrimination in the Service of Lexicography,https://aclanthology.org/S15-2076,2015
{S}em{E}val-2015 Task 9: {CLIPE}val Implicit Polarity of Events,https://aclanthology.org/S15-2077,2015
{S}em{E}val-2015 Task 10: Sentiment Analysis in {T}witter,https://aclanthology.org/S15-2078,2015
{UNITN}: Training Deep Convolutional Neural Network for {T}witter Sentiment Classification,https://aclanthology.org/S15-2079,2015
{S}em{E}val-2015 Task 11: Sentiment Analysis of Figurative Language in {T}witter,https://aclanthology.org/S15-2080,2015
"{CL}a{C}-{S}enti{P}ipe: {S}em{E}val2015 Subtasks 10 {B},{E}, and Task 11",https://aclanthology.org/S15-2081,2015
{S}em{E}val-2015 Task 12: Aspect Based Sentiment Analysis,https://aclanthology.org/S15-2082,2015
{NLANGP}: Supervised Machine Learning System for Aspect Category Classification and Opinion Target Extraction,https://aclanthology.org/S15-2083,2015
{SHELLFBK}: An Information Retrieval-based System For Multi-Domain Sentiment Analysis,https://aclanthology.org/S15-2084,2015
{DIEGOL}ab: An Approach for Message-level Sentiment Classification in {T}witter,https://aclanthology.org/S15-2085,2015
{S}plusplus: A Feature-Rich Two-stage Classifier for Sentiment Analysis of Tweets,https://aclanthology.org/S15-2086,2015
"{IIIT}-{H} at {S}em{E}val 2015: {T}witter Sentiment Analysis {--} The Good, the Bad and the Neutral!",https://aclanthology.org/S15-2087,2015
{CIS}-positive: A Combination of Convolutional Neural Networks and Support Vector Machines for Sentiment Analysis in {T}witter,https://aclanthology.org/S15-2088,2015
{GTI}: An Unsupervised Approach for Sentiment Analysis in {T}witter,https://aclanthology.org/S15-2089,2015
Gradiant-Analytics: Training Polarity Shifters with {CRF}s for Message Level Polarity Detection,https://aclanthology.org/S15-2090,2015
{IOA}: Improving {SVM} Based Sentiment Classification Through Post Processing,https://aclanthology.org/S15-2091,2015
{R}ose{M}erry: A Baseline Message-level Sentiment Classification System,https://aclanthology.org/S15-2092,2015
{UDLAP}: Sentiment Analysis Using a Graph-Based Representation,https://aclanthology.org/S15-2093,2015
{ECNU}: Multi-level Sentiment Analysis on {T}witter Using Traditional Linguistic Features and Word Embedding Features,https://aclanthology.org/S15-2094,2015
{L}sislif: Feature Extraction and Label Weighting for Sentiment Analysis in {T}witter,https://aclanthology.org/S15-2095,2015
{EL}i{RF}: A {SVM} Approach for {SA} tasks in {T}witter at {S}em{E}val-2015,https://aclanthology.org/S15-2096,2015
{W}ebis: An Ensemble for {T}witter Sentiment Detection,https://aclanthology.org/S15-2097,2015
{S}entibase: Sentiment Analysis in {T}witter on a Budget,https://aclanthology.org/S15-2098,2015
"{UNIBA}: Sentiment Analysis of {E}nglish Tweets Combining Micro-blogging, Lexicon and Semantic Features",https://aclanthology.org/S15-2099,2015
{IITPS}em{E}val: Sentiment Discovery from 140 Characters,https://aclanthology.org/S15-2100,2015
{S}wiss-Chocolate: Combining Flipout Regularization and Random Forests with Artificially Built Subsystems to Boost Text-Classification for Sentiment,https://aclanthology.org/S15-2101,2015
{INESC}-{ID}: A Regression Model for Large Scale {T}witter Sentiment Lexicon Induction,https://aclanthology.org/S15-2102,2015
{KLUE}less: Polarity Classification and Association,https://aclanthology.org/S15-2103,2015
{SWASH}: A Naive {B}ayes Classifier for Tweet Sentiment Identification,https://aclanthology.org/S15-2104,2015
{SWATCS}65: Sentiment Classification Using an Ensemble of Class Projects,https://aclanthology.org/S15-2105,2015
{SWATAC}: A Sentiment Analyzer using One-Vs-Rest Logistic Regression,https://aclanthology.org/S15-2106,2015
{T}witter{H}awk: A Feature Bucket Based Approach to Sentiment Analysis,https://aclanthology.org/S15-2107,2015
{S}e{NTU}: Sentiment Analysis of Tweets by Combining a Rule-based Classifier with Supervised Learning,https://aclanthology.org/S15-2108,2015
{INESC}-{ID}: Sentiment Analysis without Hand-Coded Features or Linguistic Resources using Embedding Subspaces,https://aclanthology.org/S15-2109,2015
{W}arwick{DCS}: From Phrase-Based to Target-Specific Sentiment Recognition,https://aclanthology.org/S15-2110,2015
{UIR}-{PKU}: {T}witter-{O}pin{M}iner System for Sentiment Analysis in {T}witter at {S}em{E}val 2015,https://aclanthology.org/S15-2111,2015
{SWAT}-{CMW}: Classification of {T}witter Emotional Polarity using a Multiple-Classifier Decision Schema and Enhanced Emotion Tagging,https://aclanthology.org/S15-2112,2015
{LLT}-{P}oly{U}: Identifying Sentiment Intensity in Ironic Tweets,https://aclanthology.org/S15-2113,2015
{KEL}ab{T}eam: A Statistical Approach on Figurative Language Sentiment Analysis in {T}witter,https://aclanthology.org/S15-2114,2015
{LT}3: Sentiment Analysis of Figurative Tweets: piece of cake {\#}{N}ot{R}eally,https://aclanthology.org/S15-2115,2015
{PRHLT}: Combination of Deep Autoencoders with Classification and Regression Techniques for {S}em{E}val-2015 Task 11,https://aclanthology.org/S15-2116,2015
{V}alen{T}o: Sentiment Analysis of Figurative Language Tweets with Irony and Sarcasm,https://aclanthology.org/S15-2117,2015
{CPH}: Sentiment analysis of Figurative Language on {T}witter {\#}easypeasy {\#}not,https://aclanthology.org/S15-2118,2015
{UPF}-taln: {S}em{E}val 2015 Tasks 10 and 11. Sentiment Analysis of Literal and Figurative Language in {T}witter,https://aclanthology.org/S15-2119,2015
{D}s{U}ni{P}i: An {SVM}-based Approach for Sentiment Analysis of Figurative Language on {T}witter,https://aclanthology.org/S15-2120,2015
{V}3: Unsupervised Aspect Based Sentiment Analysis for {S}em{E}val2015 Task 12,https://aclanthology.org/S15-2121,2015
{LT}3: Applying Hybrid Terminology Extraction to Aspect-Based Sentiment Analysis,https://aclanthology.org/S15-2122,2015
{UFRGS}: Identifying Categories and Targets in Customer Reviews,https://aclanthology.org/S15-2123,2015
{SINAI}: Syntactic Approach for Aspect-Based Sentiment Analysis,https://aclanthology.org/S15-2124,2015
{ECNU}: Extracting Effective Features from Multiple Sequential Sentences for Target-dependent Sentiment Analysis in Reviews,https://aclanthology.org/S15-2125,2015
{UMD}uluth-{CS}8761-12: A Novel Machine Learning Approach for Aspect Based Sentiment Analysis,https://aclanthology.org/S15-2126,2015
{E}li{X}a: A Modular and Flexible {ABSA} Platform,https://aclanthology.org/S15-2127,2015
{L}sislif: {CRF} and Logistic Regression for Opinion Target Extraction and Sentiment Polarity Analysis,https://aclanthology.org/S15-2128,2015
{SIEL}: Aspect Based Sentiment Analysis in Reviews,https://aclanthology.org/S15-2129,2015
{S}entiue: Target and Aspect based Sentiment Analysis in {S}em{E}val-2015 Task 12,https://aclanthology.org/S15-2130,2015
{TJU}de{M}: A Combination Classifier for Aspect Category Detection and Sentiment Polarity Classification,https://aclanthology.org/S15-2131,2015
{S}em{E}val-2015 Task 4: {T}ime{L}ine: Cross-Document Event Ordering,https://aclanthology.org/S15-2132,2015
{SPINOZA}{\_}{VU}: An {NLP} Pipeline for Cross Document {T}ime{L}ines,https://aclanthology.org/S15-2133,2015
{S}em{E}val-2015 Task 5: {QA} {T}emp{E}val - Evaluating Temporal Information Understanding with Question Answering,https://aclanthology.org/S15-2134,2015
{HLT}-{FBK}: a Complete Temporal Processing System for {QA} {T}emp{E}val,https://aclanthology.org/S15-2135,2015
{S}em{E}val-2015 Task 6: Clinical {T}emp{E}val,https://aclanthology.org/S15-2136,2015
{B}lu{L}ab: Temporal Information Extraction for the 2015 Clinical {T}emp{E}val Challenge,https://aclanthology.org/S15-2137,2015
{GPLSIUA}: Combining Temporal Information and Topic Modeling for Cross-Document Event Ordering,https://aclanthology.org/S15-2138,2015
{H}eidel{T}oul: A Baseline Approach for Cross-document Event Ordering,https://aclanthology.org/S15-2139,2015
{HITSZ}-{ICRC}: An Integration Approach for {QA} {T}emp{E}val Challenge,https://aclanthology.org/S15-2140,2015
{UFPRS}heffield: Contrasting Rule-based and Support Vector Machine Approaches to Time Expression Identification in Clinical {T}emp{E}val,https://aclanthology.org/S15-2141,2015
{IXAG}roup{EHUD}iac: A Multiple Approach System towards the Diachronic Evaluation of Texts,https://aclanthology.org/S15-2142,2015
{USAAR}-{CHRONOS}: Crawling the Web for Temporal Annotations,https://aclanthology.org/S15-2143,2015
{AMBRA}: A Ranking Approach to Temporal Text Classification,https://aclanthology.org/S15-2144,2015
{IXAG}roup{EHUS}pace{E}val: ({X}-Space) A {W}ord{N}et-based approach towards the Automatic Recognition of Spatial Information following the {ISO}-Space Annotation Scheme,https://aclanthology.org/S15-2145,2015
{UTD}: Ensemble-Based Spatial Relation Extraction,https://aclanthology.org/S15-2146,2015
"{S}em{E}val 2015, Task 7: Diachronic Text Evaluation",https://aclanthology.org/S15-2147,2015
"{UCD} : Diachronic Text Classification with Character, Word, and Syntactic N-grams",https://aclanthology.org/S15-2148,2015
{S}em{E}val-2015 Task 8: {S}pace{E}val,https://aclanthology.org/S15-2149,2015
{S}p{RL}-{CWW}: Spatial Relation Classification with Independent Multi-class Models,https://aclanthology.org/S15-2150,2015
{S}em{E}val-2015 Task 17: Taxonomy Extraction Evaluation ({TE}x{E}val),https://aclanthology.org/S15-2151,2015
{INRIASAC}: Simple Hypernym Extraction Methods,https://aclanthology.org/S15-2152,2015
{S}em{E}val 2015 Task 18: Broad-Coverage Semantic Dependency Parsing,https://aclanthology.org/S15-2153,2015
{P}eking: Building Semantic Dependency Graphs with a Hybrid Parser,https://aclanthology.org/S15-2154,2015
{USAAR}-{WLV}: Hypernym Generation with Deep Neural Nets,https://aclanthology.org/S15-2155,2015
{NTNU}: An Unsupervised Knowledge Approach for Taxonomy Extraction,https://aclanthology.org/S15-2156,2015
{LT}3: A Multi-modular Approach to Automatic Taxonomy Construction,https://aclanthology.org/S15-2157,2015
{TALN}-{UPF}: Taxonomy Learning Exploiting {CRF}-Based Hypernym Extraction on Encyclopedic Definitions,https://aclanthology.org/S15-2158,2015
{QASSIT}: A Pretopological Framework for the Automatic Construction of Lexical Taxonomies from Raw Texts,https://aclanthology.org/S15-2159,2015
{R}iga: from {F}rame{N}et to Semantic Frames with C6.0 Rules,https://aclanthology.org/S15-2160,2015
{T}urku: Semantic Dependency Parsing as a Sequence Classification,https://aclanthology.org/S15-2161,2015
{L}isbon: Evaluating {T}urbo{S}emantic{P}arser on Multiple Languages and Out-of-Domain Data,https://aclanthology.org/S15-2162,2015
Proceedings of the Student Research Workshop,https://aclanthology.org/R15-2000,2015
The Complexity of Scrambling in {J}apanese: A {TAG} Approach,https://aclanthology.org/R15-2001,2015
Some Theoretical Considerations in Off-the-Shelf Text Analysis Software,https://aclanthology.org/R15-2002,2015
Unsupervised Topic-Specific Domain Dependency Graphs for Aspect Identification in Sentiment Analysis,https://aclanthology.org/R15-2003,2015
Unsupervised learning of agglutinated morphology using nested {P}itman-{Y}or process based morpheme induction algorithm,https://aclanthology.org/R15-2004,2015
Easy-read Documents as a Gold Standard for Evaluation of Text Simplification Output,https://aclanthology.org/R15-2005,2015
Proceedings of the {ACL}-{IJCNLP} 2015 Student Research Workshop,https://aclanthology.org/P15-3000,2015
Unsupervised Learning and Modeling of Knowledge and Intent for Spoken Dialogue Systems,https://aclanthology.org/P15-3001,2015
Leveraging Compounds to Improve Noun Phrase Translation from {C}hinese and {G}erman,https://aclanthology.org/P15-3002,2015
Learning Representations for Text-level Discourse Parsing,https://aclanthology.org/P15-3003,2015
Transition-based Dependency {DAG} Parsing Using Dynamic Oracles,https://aclanthology.org/P15-3004,2015
Disease Event Detection based on Deep Modality Analysis,https://aclanthology.org/P15-3005,2015
Evaluation Dataset and System for {J}apanese Lexical Simplification,https://aclanthology.org/P15-3006,2015
Learning to Map Dependency Parses to {A}bstract {M}eaning {R}epresentations,https://aclanthology.org/P15-3007,2015
Proceedings of the 2015 Conference of the North {A}merican Chapter of the Association for Computational Linguistics: Student Research Workshop,https://aclanthology.org/N15-2000,2015
Cache-Augmented Latent Topic Language Models for Speech Retrieval,https://aclanthology.org/N15-2001,2015
Reliable Lexical Simplification for Non-Native Speakers,https://aclanthology.org/N15-2002,2015
Analyzing Newspaper Crime Reports for Identification of Safe Transit Paths,https://aclanthology.org/N15-2003,2015
Relation extraction pattern ranking using word similarity,https://aclanthology.org/N15-2004,2015
Towards a Better Semantic Role Labeling of Complex Predicates,https://aclanthology.org/N15-2005,2015
Exploring Relational Features and Learning under Distant Supervision for Information Extraction Tasks,https://aclanthology.org/N15-2006,2015
Entity/Event-Level Sentiment Detection and Inference,https://aclanthology.org/N15-2007,2015
Initial Steps for Building a Lexicon of Adjectives with Scalemates,https://aclanthology.org/N15-2008,2015
A Preliminary Evaluation of the Impact of Syntactic Structure in Semantic Textual Similarity and Semantic Relatedness Tasks,https://aclanthology.org/N15-2009,2015
Benchmarking Machine Translated Sentiment Analysis for {A}rabic Tweets,https://aclanthology.org/N15-2010,2015
Learning Kernels for Semantic Clustering: A Deep Approach,https://aclanthology.org/N15-2011,2015
Narrowing the Loop: Integration of Resources and Linguistic Dataset Development with Interactive Machine Learning,https://aclanthology.org/N15-2012,2015
Relation Extraction from Community Generated Question-Answer Pairs,https://aclanthology.org/N15-2013,2015
Detecting Translation Direction: A Cross-Domain Study,https://aclanthology.org/N15-2014,2015
Improving the Translation of Discourse Markers for {C}hinese into {E}nglish,https://aclanthology.org/N15-2015,2015
Discourse and Document-level Information for Evaluating Language Output Tasks,https://aclanthology.org/N15-2016,2015
Speeding Document Annotation with Topic Models,https://aclanthology.org/N15-2017,2015
Lifelong Machine Learning for Topic Modeling and Beyond,https://aclanthology.org/N15-2018,2015
Semantics-based Graph Approach to Complex Question-Answering,https://aclanthology.org/N15-2019,2015
Recognizing Textual Entailment using Dependency Analysis and Machine Learning,https://aclanthology.org/N15-2020,2015
Bilingual lexicon extraction for a distant language pair using a small parallel corpus,https://aclanthology.org/N15-2021,2015
Morphological Paradigms: Computational Structure and Unsupervised Learning,https://aclanthology.org/N15-2022,2015
Computational Exploration to Linguistic Structures of Future: Classification and Categorization,https://aclanthology.org/N15-2023,2015
How to teach machine translation post-editing? Experiences from a post-editing course,https://aclanthology.org/2015.mtsummit-wptp.1,2015
Quality assessment of postedited versus translated wildlife documentary films: a three-level approach,https://aclanthology.org/2015.mtsummit-wptp.2,2015
The impact of machine translation error types on post-editing effort indicators,https://aclanthology.org/2015.mtsummit-wptp.3,2015
Living on the edge: productivity gain thresholds in machine translation evaluation metrics,https://aclanthology.org/2015.mtsummit-wptp.4,2015
Domain adaptation for social localisation-based {SMT}: a case study using the Trommons platform,https://aclanthology.org/2015.mtsummit-wptp.5,2015
"Full-text patent translation at {WIPO}; scalability, quality and usability",https://aclanthology.org/2015.mtsummit-wpslt.1,2015
Initiatives of the {J}apan Patent Office,https://aclanthology.org/2015.mtsummit-wpslt.2,2015
Improving translator productivity with {MT}: a patent translation case study,https://aclanthology.org/2015.mtsummit-wpslt.3,2015
Response-based learning for patent translation,https://aclanthology.org/2015.mtsummit-wpslt.4,2015
Promoting science and technology exchange using machine translation,https://aclanthology.org/2015.mtsummit-wpslt.5,2015
Simplify sentence structure for improving human post-editing efficiency on {C}hinese-to-{E}nglish patent machine translation,https://aclanthology.org/2015.mtsummit-wpslt.6,2015
Enhancing function word translation with syntax-based statistical post-editing,https://aclanthology.org/2015.mtsummit-wpslt.7,2015
A hybrid system for {C}hinese-{E}nglish patent machine translation,https://aclanthology.org/2015.mtsummit-wpslt.8,2015
Collecting bilingual technical terms from patent families of character-segmented {C}hinese sentences and morpheme-segmented {J}apanese sentences,https://aclanthology.org/2015.mtsummit-wpslt.9,2015
Resampling approach for instance-based domain adaptation from patent domain to newspaper domain in statistical machine translation,https://aclanthology.org/2015.mtsummit-wpslt.10,2015
Towards cross-lingual patent wikification,https://aclanthology.org/2015.mtsummit-wpslt.11,2015
Unsupervised comparable corpora preparation and exploration for bi-lingual translation equivalents,https://aclanthology.org/2015.iwslt-papers.1,2015
Applying cross-entropy difference for selecting parallel training data from publicly available sources for conversational machine translation,https://aclanthology.org/2015.iwslt-papers.2,2015
Source discriminative word lexicon for translation disambiguation,https://aclanthology.org/2015.iwslt-papers.3,2015
Phrase-level estimation for machine translation,https://aclanthology.org/2015.iwslt-papers.4,2015
Improving continuous space language models auxiliary features,https://aclanthology.org/2015.iwslt-papers.5,2015
Multifeature modular deep neural network acoustic models,https://aclanthology.org/2015.iwslt-papers.6,2015
Using language adaptive deep neural networks for improved multilingual speech recognition,https://aclanthology.org/2015.iwslt-papers.7,2015
Punctuation insertion for real-time spoken language translation,https://aclanthology.org/2015.iwslt-papers.8,2015
Class-based N-gram language difference models for data selection,https://aclanthology.org/2015.iwslt-papers.9,2015
Morphology-aware alignments for translation to and from a synthetic language,https://aclanthology.org/2015.iwslt-papers.10,2015
An open-source toolkit for word-level confidence estimation in machine translation,https://aclanthology.org/2015.iwslt-papers.11,2015
Improving translation of emphasis with pause prediction in speech-to-speech translation systems,https://aclanthology.org/2015.iwslt-papers.12,2015
Evaluation and revision of a speech translation system for healthcare,https://aclanthology.org/2015.iwslt-papers.13,2015
Learning segmentations that balance latency versus quality in spoken language translation,https://aclanthology.org/2015.iwslt-papers.14,2015
Development of a {F}ilipino-to-{E}nglish bidirectional statistical machine translation system that dynamically updates via user feedback,https://aclanthology.org/2015.iwslt-papers.15,2015
Parser self-training for syntax-based machine translation,https://aclanthology.org/2015.iwslt-papers.16,2015
Risk-aware distribution of {SMT} outputs for translation of documents targeting many anonymous readers,https://aclanthology.org/2015.iwslt-papers.17,2015
Inducing bilingual lexicons from small quantities of sentence-aligned phonemic transcriptions,https://aclanthology.org/2015.iwslt-papers.18,2015
Improving {SMT} by model filtering and phrase embedding,https://aclanthology.org/2015.iwslt-keynotes.1,2015
The {IWSLT} 2015 Evaluation Campaign,https://aclanthology.org/2015.iwslt-evaluation.1,2015
The {RWTH} {A}achen machine translation system for {IWSLT} 2015,https://aclanthology.org/2015.iwslt-evaluation.2,2015
The {MITLL}-{AFRL} {IWSLT} 2015 {MT} system,https://aclanthology.org/2015.iwslt-evaluation.3,2015
The {E}dinburgh machine translation systems for {IWSLT} 2015,https://aclanthology.org/2015.iwslt-evaluation.4,2015
The {MLLP} {ASR} systems for {IWSLT} 2015,https://aclanthology.org/2015.iwslt-evaluation.5,2015
The Heidelberg University {E}nglish-{G}erman translation system for {IWSLT} 2015,https://aclanthology.org/2015.iwslt-evaluation.6,2015
The {LIUM} {ASR} and {SLT} systems for {IWSLT} 2015,https://aclanthology.org/2015.iwslt-evaluation.7,2015
The {UMD} machine translation systems at {IWSLT} 2015,https://aclanthology.org/2015.iwslt-evaluation.8,2015
The {KIT} translation systems for {IWSLT} 2015,https://aclanthology.org/2015.iwslt-evaluation.9,2015
The 2015 {KIT} {IWSLT} speech-to-text systems for {E}nglish and {G}erman,https://aclanthology.org/2015.iwslt-evaluation.10,2015
{S}tanford neural machine translation systems for spoken language domains,https://aclanthology.org/2015.iwslt-evaluation.11,2015
The {E}nglish-{V}ietnamese machine translation system for {IWSLT} 2015,https://aclanthology.org/2015.iwslt-evaluation.12,2015
The {IOIT} {E}nglish {ASR} system for {IWSLT} 2015,https://aclanthology.org/2015.iwslt-evaluation.13,2015
The 12{R} {ASR} system for {IWSLT} 2015,https://aclanthology.org/2015.iwslt-evaluation.14,2015
The {JAIST}-{UET}-{MITI} machine translation systems for {IWSLT} 2015,https://aclanthology.org/2015.iwslt-evaluation.15,2015
{PJAIT} systems for the {IWSLT} 2015 evaluation campaign enhanced by comparable corpora,https://aclanthology.org/2015.iwslt-evaluation.16,2015
The {NAIST} {E}nglish speech recognition system for {IWSLT} 2015,https://aclanthology.org/2015.iwslt-evaluation.17,2015
Improvement of word alignment models for {V}ietnamese-to-{E}nglish translation,https://aclanthology.org/2015.iwslt-evaluation.18,2015
Proceedings of the 10th {B}razilian Symposium in Information and Human Language Technology,https://aclanthology.org/W15-5600,2015
{JCL}ext: A {J}ava Tool for Compiling Finite-State Transducers from Full-Form Lexicons,https://aclanthology.org/W15-5601,2015
7x1-{PT}: um Corpus extra{\'\i}do do {T}witter para An{\'a}lise de Sentimentos em L{\'\i}ngua Portuguesa (7x1-{PT}: a Corpus extracted from {T}witter for Sentiment Analysis in {P}ortuguese Language),https://aclanthology.org/W15-5602,2015
Comparative Analysis between Notations to Classify Named Entities using Conditional Random Fields,https://aclanthology.org/W15-5603,2015
Do Extrator de Conhecimento Coletivo {\`a} {\'A}gora Virtual: desenvolvendo uma ferramenta para democracia participativa (From Collective Knowledge Extractor to Virtual Agora: Developing a tool for Participatory Democracy),https://aclanthology.org/W15-5604,2015
Um novo corpo e os seus desafios (A new corpus and the challenges it offers),https://aclanthology.org/W15-5605,2015
An{\'a}lise Autom{\'a}tica de Coer{\^e}ncia Textual em Resumos Cient{\'\i}ficos: Avaliando Quebras de Linearidade (Automatic Analysis of Textual Coherence in Scientific Abstracts: Evaluating Linearity Breaks),https://aclanthology.org/W15-5606,2015
Anota{\c{c}}{\~a}o de corpus com a {O}pen{W}ord{N}et-{PT}: um exerc{\'\i}cio de desambigua{\c{c}}{\~a}o (Sense annotation with {O}pen{W}ord{N}et-{PT}: an exercise of word sense disambiguation),https://aclanthology.org/W15-5607,2015
Integrating support verb constructions into a parser,https://aclanthology.org/W15-5608,2015
Extra{\c{c}}{\~a}o de Alvos em Coment{\'a}rios de Not{\'\i}cias em Portugu{\^e}s baseada na Teoria da Centraliza{\c{c}}{\~a}o (Target Extraction in News Reviews in {P}ortuguese based on Centering Theory),https://aclanthology.org/W15-5609,2015
Portal {M}in@s: Uma Ferramenta Geral de Apoio ao Processamento de C{\'o}rpus de Prop{\'o}sito Geral (Portal {M}in@s: A General Purpose Support Tool for Corpora Processing),https://aclanthology.org/W15-5610,2015
{P}rep{N}et.{B}r: a Semantic Network for Prepositions,https://aclanthology.org/W15-5611,2015
Joint semantic discourse models for automatic multi-document summarization,https://aclanthology.org/W15-5612,2015
Building and Applying Profiles Through Term Extraction,https://aclanthology.org/W15-5613,2015
An Annotated Corpus for Sentiment Analysis in Political News,https://aclanthology.org/W15-5614,2015
Campos Aleat{\'o}rios Condicionais Aplicados {\`a} Detec{\c{c}}{\~a}o de Estrutura Ret{\'o}rica em Resumos de Textos Acad{\^e}micos em Portugu{\^e}s (Conditional Random Fields Applied to Rhetorical Structure Detection in Academic Abstracts in {P}ortuguese),https://aclanthology.org/W15-5615,2015
Anotando um Corpus de Not{\'\i}cias para a An{\'a}lise de Sentimentos: um Relato de Experi{\^e}ncia (Annotating a corpus of News for Sentiment Analysis: An Experience Report),https://aclanthology.org/W15-5616,2015
Distributional Thesauri for {P}ortuguese: methodology evaluation,https://aclanthology.org/W15-5617,2015
On Strategies of Human Multi-Document Summarization,https://aclanthology.org/W15-5618,2015
Enriching entity grids and graphs with discourse relations: the impact in local coherence evaluation,https://aclanthology.org/W15-5619,2015
{V}erb{L}ex{P}or: um recurso l{\'e}xico com anota{\c{c}}{\~a}o de pap{\'e}is sem{\^a}nticos para o portugu{\^e}s ({V}erb{L}ex{P}or: a lexical resource annotated with semantic roles for {P}ortuguese),https://aclanthology.org/W15-5620,2015
Novo dicion{\'a}rio de formas flexionadas do Unitex-{PB}: avalia{\c{c}}{\~a}o da flex{\~a}o verbal (New Dictionary of Inflected forms of {UNITEX}-{PB}: Evaluation of Verbal Inflection),https://aclanthology.org/W15-5621,2015
Desambigua{\c{c}}{\~a}o de Hom{\'o}grafos-Heter{\'o}fonos por Aprendizado de M{\'a}quina em Portugu{\^e}s Brasileiro (A Machine Learning Approach for Homographic Heterophone Disambiguation in {B}razilian {P}ortuguese),https://aclanthology.org/W15-5622,2015
{R}e{P}ort - Um Sistema de Extra{\c{c}}{\~a}o de Informa{\c{c}}{\~o}es Aberta para L{\'\i}ngua Portuguesa (Report - An Open Information Extraction System for {P}ortuguese Language),https://aclanthology.org/W15-5623,2015
Semi-Automatic Construction of a Textual Entailment Dataset: Selecting Candidates with Vector Space Models,https://aclanthology.org/W15-5624,2015
N-Gramas de Caractere como T{\'e}cnica de Normaliza{\c{c}}{\~a}o Morfol{\'o}gica para L{\'\i}ngua Portuguesa: Um Estudo em Categoriza{\c{c}}{\~a}o de Textos (Character N-grams as a Morphological Normalization Technique for {P}ortuguese Language: A Study in Text Categorization),https://aclanthology.org/W15-5625,2015
Proceedings of the 16th Annual Meeting of the Special Interest Group on Discourse and Dialogue,https://aclanthology.org/W15-4600,2015
"{K}eynote: The Interplay of Discussion, Cognition and Instruction in Computer-Supported Collaborative Learning Environments",https://aclanthology.org/W15-4601,2015
Human-Machine Dialogue as a Stochastic Game,https://aclanthology.org/W15-4602,2015
Knowledge transfer between speakers for personalised dialogue management,https://aclanthology.org/W15-4603,2015
Miscommunication Recovery in Physically Situated Dialogue,https://aclanthology.org/W15-4604,2015
Reinforcement Learning in Multi-Party Trading Dialog,https://aclanthology.org/W15-4605,2015
An Incremental Turn-Taking Model with Active System Barge-in for Spoken Dialog Systems,https://aclanthology.org/W15-4606,2015
Exploring the Effects of Redundancy within a Tutorial Dialogue System: Restating Students{'} Responses,https://aclanthology.org/W15-4607,2015
A Discursive Grid Approach to Model Local Coherence in Multi-document Summaries,https://aclanthology.org/W15-4608,2015
Belief Tracking with Stacked Relational Trees,https://aclanthology.org/W15-4609,2015
"{``}So, which one is it?{''} The effect of alternative incremental architectures in a high-performance game-playing agent",https://aclanthology.org/W15-4610,2015
Towards Taxonomy of Errors in Chat-oriented Dialogue Systems,https://aclanthology.org/W15-4611,2015
{PDTB} Discourse Parsing as a Tagging Task: The Two Taggers Approach,https://aclanthology.org/W15-4612,2015
Which Synthetic Voice Should {I} Choose for an Evocative Task?,https://aclanthology.org/W15-4613,2015
Dialog Act Annotation for {T}witter Conversations,https://aclanthology.org/W15-4614,2015
Towards Improving Dialogue Topic Tracking Performances with Wikification of Concept Mentions,https://aclanthology.org/W15-4615,2015
Exploiting knowledge base to generate responses for natural language dialog listening agents,https://aclanthology.org/W15-4616,2015
Automated Speech Recognition Technology for Dialogue Interaction with Non-Native Interlocutors,https://aclanthology.org/W15-4617,2015
Conversational Knowledge Teaching Agent that uses a Knowledge Base,https://aclanthology.org/W15-4618,2015
Information Theoretical and Statistical Features for Intrinsic Plagiarism Detection,https://aclanthology.org/W15-4619,2015
A {SIP} of {C}o{F}ee : A Sample of Interesting Productions of Conversational Feedback,https://aclanthology.org/W15-4620,2015
Reinforcement Learning of Multi-Issue Negotiation Dialogue Policies,https://aclanthology.org/W15-4621,2015
Fast and easy language understanding for dialog systems with {M}icrosoft Language Understanding Intelligent Service ({LUIS}),https://aclanthology.org/W15-4622,2015
Multilingual {W}iki{T}alk: {W}ikipedia-based talking robots that switch languages.,https://aclanthology.org/W15-4623,2015
Modelling situated human-robot interaction using {I}ris{TK},https://aclanthology.org/W15-4624,2015
{I} Couldn{'}t Agree More: The Role of Conversational Structure in Agreement and Disagreement Detection in Online Discussions,https://aclanthology.org/W15-4625,2015
Memory-Based Acquisition of Argument Structures and its Application to Implicit Role Detection,https://aclanthology.org/W15-4626,2015
Generating Sentence Planning Variations for Story Telling,https://aclanthology.org/W15-4627,2015
{K}eynote: Graph-based Approaches for Spoken Language Understanding,https://aclanthology.org/W15-4628,2015
Evaluating Spoken Dialogue Processing for Time-Offset Interaction,https://aclanthology.org/W15-4629,2015
The Real Challenge 2014: Progress and Prospects,https://aclanthology.org/W15-4630,2015
Argument Mining: Extracting Arguments from Online Dialogue,https://aclanthology.org/W15-4631,2015
Multilingual Summarization with Polytope Model,https://aclanthology.org/W15-4632,2015
Call Centre Conversation Summarization: A Pilot Task at Multiling 2015,https://aclanthology.org/W15-4633,2015
{A}ll{S}ummarizer system at {M}ulti{L}ing 2015: Multilingual single and multi-document summarization,https://aclanthology.org/W15-4634,2015
Comment-to-Article Linking in the Online News Domain,https://aclanthology.org/W15-4635,2015
"The {U}niversity of {A}licante at {M}ulti{L}ing 2015: approach, results and further insights",https://aclanthology.org/W15-4636,2015
{E}x{B} Text Summarizer,https://aclanthology.org/W15-4637,2015
"{M}ulti{L}ing 2015: Multilingual Summarization of Single and Multi-Documents, On-line Fora, and Call-center Conversations",https://aclanthology.org/W15-4638,2015
Stochastic Language Generation in Dialogue using Recurrent Neural Networks with Convolutional Sentence Reranking,https://aclanthology.org/W15-4639,2015
The {U}buntu Dialogue Corpus: A Large Dataset for Research in Unstructured Multi-Turn Dialogue Systems,https://aclanthology.org/W15-4640,2015
Recurrent Polynomial Network for Dialogue State Tracking with Mismatched Semantic Parsers,https://aclanthology.org/W15-4641,2015
Opportunities and Obligations to Take Turns in Collaborative Multi-Party Human-Robot Interaction,https://aclanthology.org/W15-4642,2015
Optimising Turn-Taking Strategies With Reinforcement Learning,https://aclanthology.org/W15-4643,2015
"Acoustic-prosodic entrainment in {S}lovak, {S}panish, {E}nglish and {C}hinese: A cross-linguistic comparison",https://aclanthology.org/W15-4644,2015
A statistical approach for Non-Sentential Utterance Resolution for Interactive {QA} System,https://aclanthology.org/W15-4645,2015
The Interplay of User-Centered Dialog Systems and {AI} Planning,https://aclanthology.org/W15-4646,2015
Automatic Detection of Miscommunication in Spoken Dialogue Systems,https://aclanthology.org/W15-4647,2015
Dialogue Management based on Multi-domain Corpus,https://aclanthology.org/W15-4648,2015
Quality-adaptive Spoken Dialogue Initiative Selection And Implications On Reward Modelling,https://aclanthology.org/W15-4649,2015
Metaphor Detection in Discourse,https://aclanthology.org/W15-4650,2015
User Adaptive Restoration for Incorrectly-Segmented Utterances in Spoken Dialogue Systems,https://aclanthology.org/W15-4651,2015
Incremental Coordination: Attention-Centric Speech Production in a Physically Situated Conversational Agent,https://aclanthology.org/W15-4652,2015
Hyper-parameter Optimisation of {G}aussian Process Reinforcement Learning for Statistical Dialogue Management,https://aclanthology.org/W15-4653,2015
Learning Domain-Independent Dialogue Policies via Ontology Parameterisation,https://aclanthology.org/W15-4654,2015
Reward Shaping with Recurrent Neural Networks for Speeding up On-Line Policy Learning in Spoken Dialogue Systems,https://aclanthology.org/W15-4655,2015
Effects of Game on User Engagement with Spoken Dialogue System,https://aclanthology.org/W15-4656,2015
Evaluation of Crowdsourced User Input Data for Spoken Dialog Systems,https://aclanthology.org/W15-4657,2015
A distributed cloud-based dialog system for conversational application development,https://aclanthology.org/W15-4658,2015
A {TV} Program Discovery Dialog System using recommendations,https://aclanthology.org/W15-4659,2015
Description of the {P}atient{G}enesys Dialogue System,https://aclanthology.org/W15-4660,2015
The Cohort and Speechify Libraries for Rapid Construction of Speech Enabled Applications for Android,https://aclanthology.org/W15-4661,2015
Proceedings of {B}io{NLP} 15,https://aclanthology.org/W15-3800,2015
Complex Event Extraction using {DRUM},https://aclanthology.org/W15-3801,2015
Making the most of limited training data using distant supervision,https://aclanthology.org/W15-3802,2015
An extended dependency graph for relation extraction in biomedical texts,https://aclanthology.org/W15-3803,2015
Event Extraction in pieces:Tackling the partial event identification problem on unseen corpora,https://aclanthology.org/W15-3804,2015
Extracting Biological Pathway Models From {NLP} Event Representations,https://aclanthology.org/W15-3805,2015
Shallow Training is cheap but is it good enough? Experiments with Medical Fact Coding,https://aclanthology.org/W15-3806,2015
Stacked Generalization for Medical Concept Extraction from Clinical Notes,https://aclanthology.org/W15-3807,2015
Extracting Disease-Symptom Relationships by Learning Syntactic Patterns from Dependency Graphs,https://aclanthology.org/W15-3808,2015
Extracting Time Expressions from Clinical Text,https://aclanthology.org/W15-3809,2015
Exploiting Task-Oriented Resources to Learn Word Embeddings for Clinical Abbreviation Expansion,https://aclanthology.org/W15-3810,2015
Semantic Type Classification of Common Words in Biomedical Noun Phrases,https://aclanthology.org/W15-3811,2015
{C}o{MAGD}: Annotation of Gene-Depression Relations,https://aclanthology.org/W15-3812,2015
Lexical Characteristics Analysis of {C}hinese Clinical Documents,https://aclanthology.org/W15-3813,2015
Using word embedding for bio-event extraction,https://aclanthology.org/W15-3814,2015
Measuring the readability of medical research journal abstracts,https://aclanthology.org/W15-3815,2015
Translating Electronic Health Record Notes from {E}nglish to {S}panish: A Preliminary Study,https://aclanthology.org/W15-3816,2015
Automatic Detection of Answers to Research Questions from {M}edline Abstracts,https://aclanthology.org/W15-3817,2015
A preliminary study on automatic identification of patient smoking status in unstructured electronic health records,https://aclanthology.org/W15-3818,2015
Restoring the intended structure of {H}ungarian ophthalmology documents,https://aclanthology.org/W15-3819,2015
Evaluating distributed word representations for capturing semantics of biomedical concepts,https://aclanthology.org/W15-3820,2015
Investigating Public Health Surveillance using {T}witter,https://aclanthology.org/W15-3821,2015
Clinical Abbreviation Disambiguation Using Neural Word Embeddings,https://aclanthology.org/W15-3822,2015
Representing Clinical Diagnostic Criteria in Quality Data Model Using Natural Language Processing,https://aclanthology.org/W15-3823,2015
Proceedings of the 14th Meeting on the Mathematics of Language ({M}o{L} 2015),https://aclanthology.org/W15-2300,2015
A Refined Notion of Memory Usage for Minimalist Parsing,https://aclanthology.org/W15-2301,2015
Abstract Categorial Parsing as Linear Logic Programming,https://aclanthology.org/W15-2302,2015
Topology of Language Classes,https://aclanthology.org/W15-2303,2015
"Individuation Criteria, Dot-types and Copredication: A View from Modern Type Theories",https://aclanthology.org/W15-2304,2015
Lexical Semantics and Model Theory: Together at Last?,https://aclanthology.org/W15-2305,2015
A {F}robenius Model of Information Structure in Categorical Compositional Distributional Semantics,https://aclanthology.org/W15-2306,2015
A Synopsis of Morphoid Type Theory,https://aclanthology.org/W15-2307,2015
General Perspective on Distributionally Learnable Classes,https://aclanthology.org/W15-2308,2015
Canonical Context-Free Grammars and Strong Learning: Two Approaches,https://aclanthology.org/W15-2309,2015
Output Strictly Local Functions,https://aclanthology.org/W15-2310,2015
How to Choose Successful Losers in Error-Driven Phonotactic Learning,https://aclanthology.org/W15-2311,2015
A Concatenation Operation to Derive Autosegmental Graphs,https://aclanthology.org/W15-2312,2015
Syntactic Polygraphs. A Formalism Extending Both Constituency and Dependency,https://aclanthology.org/W15-2313,2015
Proceedings of the workshop on Semantic resources and semantic annotation for Natural Language Processing and the Digital Humanities at {NODALIDA} 2015,https://aclanthology.org/W15-2000,2015
Here be dragons? The perils and promises of inter-resource lexical-semantic mapping,https://aclanthology.org/W15-2001,2015
"Polysemy, underspecification, and aspects {--} Questions of lumping or splitting in the construction of {S}wedish {F}rame{N}et",https://aclanthology.org/W15-2002,2015
Determining the most frequent senses using {R}ussian linguistic ontology {R}u{T}hes,https://aclanthology.org/W15-2003,2015
Extraction of lethal events from {W}ikipedia and a semantic repository,https://aclanthology.org/W15-2004,2015
Coarse-grained sense annotation of {D}anish across textual domains,https://aclanthology.org/W15-2005,2015
Proceedings of the fourth workshop on {NLP} for computer-assisted language learning,https://aclanthology.org/W15-1900,2015
Misspellings in Responses to Listening Comprehension Questions: Prospects for Scoring based on Phonetic Normalization,https://aclanthology.org/W15-1901,2015
Taking the {D}anish Speech Trainer from {CALL} to {ICALL},https://aclanthology.org/W15-1902,2015
Using Shallow Syntactic Features to Measure Influences of {L}1 and Proficiency Level in {EFL} Writings,https://aclanthology.org/W15-1903,2015
Semi-automated typical error annotation for learner {E}nglish essays: integrating frameworks,https://aclanthology.org/W15-1904,2015
Short Answer Grading: When Sorting Helps and When it Doesn{'}t,https://aclanthology.org/W15-1905,2015
Oahpa! {\~O}pi! Opiq! Developing free online programs for learning {E}stonian and {V}{\~o}ro,https://aclanthology.org/W15-1906,2015
"Transactions of the Association for Computational Linguistics, Volume 3",https://aclanthology.org/Q15-1000,2015
Reasoning about Quantities in Natural Language,https://aclanthology.org/Q15-1001,2015
Cross-Document Co-Reference Resolution using Sample-Based Clustering with Knowledge Enrichment,https://aclanthology.org/Q15-1002,2015
Efficient Inference and Structured Learning for Semantic Role Labeling,https://aclanthology.org/Q15-1003,2015
{S}prite: Generalizing Topic Models with Structured Priors,https://aclanthology.org/Q15-1004,2015
A Sense-Topic Model for Word Sense Induction with Unsupervised Data Enrichment,https://aclanthology.org/Q15-1005,2015
Which Step Do {I} Take First? Troubleshooting with {B}ayesian Models,https://aclanthology.org/Q15-1006,2015
Gappy Pattern Matching on {GPU}s for On-Demand Extraction of Hierarchical Translation Grammars,https://aclanthology.org/Q15-1007,2015
A {B}ayesian Model of Grounded Color Semantics,https://aclanthology.org/Q15-1008,2015
Exploiting Parallel News Streams for Unsupervised Event Extraction,https://aclanthology.org/Q15-1009,2015
Unsupervised Declarative Knowledge Induction for Constraint-Based Learning of Information Structure in Scientific Documents,https://aclanthology.org/Q15-1010,2015
Entity Disambiguation with Web Links,https://aclanthology.org/Q15-1011,2015
An Unsupervised Method for Uncovering Morphological Chains,https://aclanthology.org/Q15-1012,2015
Modelling and Optimizing on Syntactic N-Grams for Statistical Machine Translation,https://aclanthology.org/Q15-1013,2015
From Visual Attributes to Adjectives through Decompositional Distributional Semantics,https://aclanthology.org/Q15-1014,2015
Higher-order Lexical Semantic Models for Non-factoid Answer Reranking,https://aclanthology.org/Q15-1015,2015
Improving Distributional Similarity with Lessons Learned from Word Embeddings,https://aclanthology.org/Q15-1016,2015
Learning Composition Models for Phrase Embeddings,https://aclanthology.org/Q15-1017,2015
Combining Minimally-supervised Methods for {A}rabic Named Entity Recognition,https://aclanthology.org/Q15-1018,2015
Learning a Compositional Semantics for {F}reebase with an Open Predicate Vocabulary,https://aclanthology.org/Q15-1019,2015
Domain Adaptation for Syntactic and Semantic Dependency Parsing Using Deep Belief Networks,https://aclanthology.org/Q15-1020,2015
Problems in Current Text Simplification Research: New Data Can Help,https://aclanthology.org/Q15-1021,2015
Improving Topic Models with Latent Feature Word Representations,https://aclanthology.org/Q15-1022,2015
Design Challenges for Entity Linking,https://aclanthology.org/Q15-1023,2015
One Vector is Not Enough: Entity-Augmented Distributed Semantics for Discourse Relations,https://aclanthology.org/Q15-1024,2015
From Paraphrase Database to Compositional Paraphrase Model and Back,https://aclanthology.org/Q15-1025,2015
A Graph-based Lattice Dependency Parser for Joint Morphological Segmentation and Syntactic Analysis,https://aclanthology.org/Q15-1026,2015
Deriving {B}oolean structures from distributional vectors,https://aclanthology.org/Q15-1027,2015
Unsupervised Lexicon Discovery from Acoustic Input,https://aclanthology.org/Q15-1028,2015
Latent Structures for Coreference Resolution,https://aclanthology.org/Q15-1029,2015
Unsupervised Identification of Translationese,https://aclanthology.org/Q15-1030,2015
Modeling Word Forms Using Latent Underlying Morphs and Phonology,https://aclanthology.org/Q15-1031,2015
Context-aware Frame-Semantic Role Labeling,https://aclanthology.org/Q15-1032,2015
Learning Structural Kernels for Natural Language Processing,https://aclanthology.org/Q15-1033,2015
Semantic Proto-Roles,https://aclanthology.org/Q15-1034,2015
Approximation-Aware Dependency Parsing by Belief Propagation,https://aclanthology.org/Q15-1035,2015
{P}lato: A Selective Context Model for Entity Resolution,https://aclanthology.org/Q15-1036,2015
A Hierarchical Distance-dependent {B}ayesian Model for Event Coreference Resolution,https://aclanthology.org/Q15-1037,2015
Large-Scale Information Extraction from Textual Definitions through Deep Syntactic and Semantic Analysis,https://aclanthology.org/Q15-1038,2015
Imitation Learning of Agenda-based Semantic Parsers,https://aclanthology.org/Q15-1039,2015
Parsing to Noncrossing Dependency Graphs,https://aclanthology.org/Q15-1040,2015
Semantic Parsing of Ambiguous Input through Paraphrasing and Verification,https://aclanthology.org/Q15-1041,2015
Parsing Algebraic Word Problems into Equations,https://aclanthology.org/Q15-1042,2015
Proceedings of {ACL}-{IJCNLP} 2015 System Demonstrations,https://aclanthology.org/P15-4000,2015
A System Demonstration of a Framework for Computer Assisted Pronunciation Training,https://aclanthology.org/P15-4001,2015
{IMI} {---} A Multilingual Semantic Annotation Environment,https://aclanthology.org/P15-4002,2015
In-tool Learning for Selective Manual Annotation in Large Corpora,https://aclanthology.org/P15-4003,2015
{K}e{LP}: a Kernel-based Learning Platform for Natural Language Processing,https://aclanthology.org/P15-4004,2015
Multi-modal Visualization and Search for Text and Prosody Annotations,https://aclanthology.org/P15-4005,2015
{NEED}4{T}weet: A Twitterbot for Tweets Named Entity Extraction and Disambiguation,https://aclanthology.org/P15-4006,2015
Visual Error Analysis for Entity Linking,https://aclanthology.org/P15-4007,2015
A Web-based Collaborative Evaluation Tool for Automatically Learned Relation Extraction Patterns,https://aclanthology.org/P15-4008,2015
A Dual-Layer Semantic Role Labeling System,https://aclanthology.org/P15-4009,2015
A system for fine-grained aspect-based sentiment analysis of {C}hinese,https://aclanthology.org/P15-4010,2015
Plug Latent Structures and Play Coreference Resolution,https://aclanthology.org/P15-4011,2015
Proceedings of {ACL}-{IJCNLP} 2015 System Demonstrations,https://aclanthology.org/P15-4012,2015
{OMWE}dit - The Integrated Open Multilingual {W}ordnet Editing System,https://aclanthology.org/P15-4013,2015
{SACRY}: Syntax-based Automatic Crossword puzzle Resolution s{Y}stem,https://aclanthology.org/P15-4014,2015
{LEX}enstein: A Framework for Lexical Simplification,https://aclanthology.org/P15-4015,2015
Sharing annotations better: {REST}ful Open Annotation,https://aclanthology.org/P15-4016,2015
A Data Sharing and Annotation Service Infrastructure,https://aclanthology.org/P15-4017,2015
{J}o{B}im{V}iz: A Web-based Visualization for Graph-based Distributional Semantic Models,https://aclanthology.org/P15-4018,2015
End-to-end Argument Generation System in Debating,https://aclanthology.org/P15-4019,2015
Multi-level Translation Quality Prediction with {Q}u{E}st++,https://aclanthology.org/P15-4020,2015
{WA}-Continuum: Visualising Word Alignments across Multiple Parallel Sentences Simultaneously,https://aclanthology.org/P15-4021,2015
A Domain-independent Rule-based Framework for Event Extraction,https://aclanthology.org/P15-4022,2015
{S}torybase: Towards Building a Knowledge Base for News Events,https://aclanthology.org/P15-4023,2015
{W}rite{A}head: Mining Grammar Patterns in Corpora for Assisted Writing,https://aclanthology.org/P15-4024,2015
{N}iu{P}arser: A {C}hinese Syntactic and Semantic Parsing Toolkit,https://aclanthology.org/P15-4025,2015
"International Journal of Computational Linguistics {\&} {C}hinese Language Processing, Volume 20, Number 2, {D}ecember 2015 - Special Issue on Selected Papers from {ROCLING} {XXVII}",https://aclanthology.org/O15-3000,2015
Designing a Tag-Based Statistical Math Word Problem Solver with Reasoning and Explanation,https://aclanthology.org/O15-3001,2015
Explanation Generation for a Math Word Problem Solver,https://aclanthology.org/O15-3002,2015
Word Co-occurrence Augmented Topic Model in Short Text,https://aclanthology.org/O15-3003,2015
ç¯éå¼èªé³æä»¶æè¦ä½¿ç¨è¡¨ç¤ºæ³å­¸ç¿æè¡ (Extractive Spoken Document Summarization with Representation Learning Techniques) [In {C}hinese],https://aclanthology.org/O15-3004,2015
èª¿è®é »è­åè§£æè¡æ¼å¼·å¥èªé³è¾¨è­ä¹ç ç©¶ (Investigating Modulation Spectrum Factorization Techniques for Robust Speech Recognition) [In {C}hinese],https://aclanthology.org/O15-3005,2015
ééèªé³ç¹å¾µå»ºæ§åºæ¼å çç¨çèªç·¨ç¢¼å¨æ¼ç®æ³ä¹å©å§»æ²»çä¸­å¤«å¦»äºåè¡çºéè¡¨èªååè©åç³»çµ± (Automating Behavior Coding for Distressed Couples Interactions Based on Stacked Sparse Autoencoder Framework using Speech-acoustic Features) [In {C}hinese],https://aclanthology.org/O15-3006,2015
"International Journal of Computational Linguistics {\&} {C}hinese Language Processing, Volume 20, Number 1, June 2015-Special Issue on {C}hinese as a Foreign Language",https://aclanthology.org/O15-2000,2015
Guest Editoral: Special Issue on {C}hinese as a Foreign Language,https://aclanthology.org/O15-2001,2015
{HANS}peller: A Unified Framework for {C}hinese Spelling Correction,https://aclanthology.org/O15-2002,2015
A Study on {C}hinese Spelling Check Using Confusion Sets and?N-gram Statistics,https://aclanthology.org/O15-2003,2015
Automatically Detecting Syntactic Errors in Sentences Writing by Learners of {C}hinese as a Foreign Language,https://aclanthology.org/O15-2004,2015
Automatic Classification of the {``}De{''} Word Usage for {C}hinese as a Foreign Language,https://aclanthology.org/O15-2005,2015
ä»¥ãè¯èªå­¸ç¿èèªæåº«ãçºæ¬çãäºãå­å¥åèª¤åæ (The Error Analysis of {``}Le{''} based on {``}{C}hinese Learner Written Corpus{''}) [In {C}hinese],https://aclanthology.org/O15-2006,2015
Cross-Linguistic Error Types of Misused {C}hinese Based on Learners{'} Corpora,https://aclanthology.org/O15-2007,2015
"Computational Linguistics, Volume 41, Issue 4 - {D}ecember 2015",https://aclanthology.org/J15-4000,2015
Graph-Based Word Alignment for Clinical Language Evaluation,https://aclanthology.org/J15-4001,2015
Design and Evaluation of Metaphor Processing Systems,https://aclanthology.org/J15-4002,2015
Inducing Implicit Arguments from Comparable Texts: A Framework and Its Applications,https://aclanthology.org/J15-4003,2015
{S}im{L}ex-999: Evaluating Semantic Models With (Genuine) Similarity Estimation,https://aclanthology.org/J15-4004,2015
"Book Review: Language Processing with {P}erl and {P}rolog: Theories, Implemetation, and Application by Pierre {M}. Nugues",https://aclanthology.org/J15-4005,2015
Last Words: Computational Linguistics and Deep Learning,https://aclanthology.org/J15-4006,2015
Lifetime Achievement Award: Translating Today into Tomorrow,https://aclanthology.org/J15-4007,2015
{O}bituaries: {A}dam Kilgarriff,https://aclanthology.org/J15-4008,2015
{O}bituaries: Jane {J}. Robinson,https://aclanthology.org/J15-4009,2015
"Computational Linguistics, Volume 41, Issue 3 - September 2015",https://aclanthology.org/J15-3000,2015
Large Linguistic Corpus Reduction with {SCP} Algorithms,https://aclanthology.org/J15-3001,2015
{CODRA}: A Novel Discriminative Framework for Rhetorical Analysis,https://aclanthology.org/J15-3002,2015
The Unified and Holistic Method Gamma (Î³) for Inter-Annotator Agreement Measure and Alignment,https://aclanthology.org/J15-3003,2015
Computational Constancy Measures of {T}exts{---}{Y}ule{'}s K and R{\'e}nyi{'}s Entropy,https://aclanthology.org/J15-3004,2015
Discriminative Syntax-Based Word Ordering for Text Generation,https://aclanthology.org/J15-3005,2015
{S}quibs: Evaluation Methods for Statistically Dependent Text,https://aclanthology.org/J15-3006,2015
"Computational Linguistics, Volume 41, Issue 2 - June 2015",https://aclanthology.org/J15-2000,2015
The Operation Sequence {M}odel{---}{C}ombining N-Gram-Based and Phrase-Based Statistical Machine Translation,https://aclanthology.org/J15-2001,2015
Lexicalization and Generative Power in {CCG},https://aclanthology.org/J15-2002,2015
Efficient Global Learning of Entailment Graphs,https://aclanthology.org/J15-2003,2015
A Statistical Parsing Framework for Sentiment Classification,https://aclanthology.org/J15-2004,2015
{S}quibs: Evaluating Human Pairwise Preference Judgments,https://aclanthology.org/J15-2005,2015
"Book Reviews: Ontology-Based Interpretation of Natural Language by Philipp Cimiano, Christina Unger and John {M}c{C}rae",https://aclanthology.org/J15-2006,2015
Book Reviews: Robots that Talk and Listen edited by Judith {A}. Markowitz,https://aclanthology.org/J15-2007,2015
"Computational Linguistics, Volume 41, Issue 1 - March 2015",https://aclanthology.org/J15-1000,2015
Towards Topic-to-Question Generation,https://aclanthology.org/J15-1001,2015
Cross-lingual Sentiment Lexicon Learning With Bilingual Word Graph Label Propagation,https://aclanthology.org/J15-1002,2015
Multiple Adjunction in Feature-Based {T}ree-{A}djoining {G}rammar,https://aclanthology.org/J15-1003,2015
Concrete Models and Empirical Evaluations for the Categorical Compositional Distributional Model of Meaning,https://aclanthology.org/J15-1004,2015
Automatic Adaptation of Annotations,https://aclanthology.org/J15-1005,2015
"Book Reviews: Automated Grammatical Error Detection for Language Learners, Second Edition by Claudia Leacock, {M}artin Chodorow, {M}ichael Gamon and Joel Tetreault",https://aclanthology.org/J15-1006,2015
Book Reviews: Linguistic Fundamentals for Natural Language Processing: 100 Essentials from Morphology and Syntax by Emily {M}. Bender,https://aclanthology.org/J15-1007,2015
"Book Reviews: Recognizing Textual Entailment: Models and Applications by {I}do {D}agan, {D}an {R}oth, Mark Sammons and Fabio Massimo Zanzotto",https://aclanthology.org/J15-1008,2015
,https://aclanthology.org/J15-1009,2015
{S}quibs: When the Whole Is Not Greater Than the Combination of Its Parts: A {``}Decompositional{''} Look at Compositional Distributional Semantics,https://aclanthology.org/J15-1010,2015
{S}quibs: Spelling Error Patterns in {B}razilian {P}ortuguese,https://aclanthology.org/J15-1011,2015
{QT}21: A new era for translators and the computer,https://aclanthology.org/2015.tc-1.1,2015
The reception of intralingual and interlingual automatic subtitling: An exploratory study within the {HBB}4{ALL} project,https://aclanthology.org/2015.tc-1.2,2015
The {EXPERT} project: Advancing the state of the art in hybrid translation technologies,https://aclanthology.org/2015.tc-1.3,2015
From occasional quality control to collaborative quality assurance,https://aclanthology.org/2015.tc-1.4,2015
{K}amusi pre-{D}-source-side disambiguation and a sense aligned multilingual lexicon,https://aclanthology.org/2015.tc-1.5,2015
{FALCON}: Building the localization web,https://aclanthology.org/2015.tc-1.6,2015
Evaluation of {E}nglish to {S}panish {MT} output of Tourism 2.0 consumer-generated reviews with post-editing purposes,https://aclanthology.org/2015.tc-1.7,2015
Use of {CAI} tools in interpreters{'} training: A pilot study,https://aclanthology.org/2015.tc-1.8,2015
Skype Translator: Breaking down language and hearing barriers. A behind the scenes look at near real-time speech translation,https://aclanthology.org/2015.tc-1.9,2015
The catcher in the {CAT}. Playfulness and self-determination in the use of {CAT} tools by professional translators,https://aclanthology.org/2015.tc-1.10,2015
The {ALST} project: Technologies for audiovisual translation,https://aclanthology.org/2015.tc-1.11,2015
The use of machine translation and post-editing among language service providers in {S}pain,https://aclanthology.org/2015.tc-1.12,2015
Let the {EAGLES} fly into new standards: Adapting our {CAT} tool evaluation methodology to the {ISO} 25000 series,https://aclanthology.org/2015.tc-1.13,2015
Neocortical computing: Next generation machine translation,https://aclanthology.org/2015.tc-1.14,2015
Recommendations for translation environments to improve translators{'} workflows,https://aclanthology.org/2015.tc-1.15,2015
Going global? Let{'}s measure your product for world-readiness!,https://aclanthology.org/2015.tc-1.16,2015
The {TAUS} Quality Dashboard,https://aclanthology.org/2015.tc-1.17,2015
{MT} at {N}et{A}pp {--} this is how we do it,https://aclanthology.org/2015.mtsummit-users.1,2015
Machine translation in mobile games: augmenting social media text normalization with incentivized feedback,https://aclanthology.org/2015.mtsummit-users.2,2015
Why are we (still) waiting? What premium translators need to use {MT} effectively,https://aclanthology.org/2015.mtsummit-users.3,2015
Machine translation and terminology management [abstract],https://aclanthology.org/2015.mtsummit-users.4,2015
{MT} quality estimation for e-commerce data,https://aclanthology.org/2015.mtsummit-users.5,2015
{Y}andex.{T}ranslate approach to the translation of {T}urkic languages [abstract,https://aclanthology.org/2015.mtsummit-users.6,2015
Solving specific content challenges with flexible machine translation,https://aclanthology.org/2015.mtsummit-users.7,2015
Quality evaluation of four translations of a kidney document: focus on reliability,https://aclanthology.org/2015.mtsummit-users.8,2015
A survey of usage environment of machine translation by professional translators,https://aclanthology.org/2015.mtsummit-users.9,2015
Machine translation for enterprise technical communications {--} a journey of discovery,https://aclanthology.org/2015.mtsummit-users.10,2015
{MT} quality evaluations: from test environment to production,https://aclanthology.org/2015.mtsummit-users.11,2015
Enterprise application of {MT}: progress and challenges,https://aclanthology.org/2015.mtsummit-users.12,2015
Machine translation quality estimation: a linguist{'}s approach,https://aclanthology.org/2015.mtsummit-users.13,2015
Industry shared metrics with the {TAUS} dynamic quality dashboard and {API},https://aclanthology.org/2015.mtsummit-users.14,2015
Accurately predicting post-editing time {\&} labor for cost management,https://aclanthology.org/2015.mtsummit-users.15,2015
"Beyond rext, machine translation and {NLP} for e-discovery [abstract]",https://aclanthology.org/2015.mtsummit-users.16,2015
Designing user experience for machine translated conversations,https://aclanthology.org/2015.mtsummit-users.17,2015
How much cake is enough: the case for domain-specific engines,https://aclanthology.org/2015.mtsummit-users.18,2015
Productivity promotion strategies for collaborative translation on huge volume technical documents,https://aclanthology.org/2015.mtsummit-users.19,2015
A machine-assisted human translation system for technical documents,https://aclanthology.org/2015.mtsummit-users.20,2015
Patent claim translation based on sublanguage-specific sentence structure,https://aclanthology.org/2015.mtsummit-papers.1,2015
"{J}apanese news simplification: tak design, data set construction, and analysis of simplified text",https://aclanthology.org/2015.mtsummit-papers.2,2015
Learning bilingual distributed phrase represenations for statistical machine translation,https://aclanthology.org/2015.mtsummit-papers.3,2015
Learning bilingual phrase representations with recurrent neural networks,https://aclanthology.org/2015.mtsummit-papers.4,2015
A pilot study towards end-to-end {MT} training,https://aclanthology.org/2015.mtsummit-papers.5,2015
Automatic detection of antecedents of {J}apanese zero pronouns using a {J}apanese-{E}nglish bilingual corpus,https://aclanthology.org/2015.mtsummit-papers.6,2015
{METEOR} for multiple target languages using {DB}nary,https://aclanthology.org/2015.mtsummit-papers.7,2015
{J}apanese controlled language rules to improve machine translatability of municipal documents,https://aclanthology.org/2015.mtsummit-papers.8,2015
Morphological constraints for phrase pivot statistical machine translation,https://aclanthology.org/2015.mtsummit-papers.9,2015
Using joint models or domain adaptation in statistical machine translation,https://aclanthology.org/2015.mtsummit-papers.10,2015
Machine translation evaluation made fuzzier: a study on post-editing productivity and evaluation metrics in commercial settings,https://aclanthology.org/2015.mtsummit-papers.11,2015
A distributed inflection model for translating into morphologically rich languages,https://aclanthology.org/2015.mtsummit-papers.12,2015
Bandit structured prediction for learning from partial feedback in statistical machine translation,https://aclanthology.org/2015.mtsummit-papers.13,2015
An empirical study of segment prioritization for incrementally retrained post-editing-based {SMT},https://aclanthology.org/2015.mtsummit-papers.14,2015
Effects of word alignment visualization on post-editing quality {\&} speed,https://aclanthology.org/2015.mtsummit-papers.15,2015
A systematic evaluation of {MBOT} in statistical machine translation,https://aclanthology.org/2015.mtsummit-papers.16,2015
Register-based machine translation evaluation with text classification techniques,https://aclanthology.org/2015.mtsummit-papers.17,2015
Error-tolerant speech-to-speech translation,https://aclanthology.org/2015.mtsummit-papers.18,2015
Mixed domain vs. multi-domain statistical machine translation,https://aclanthology.org/2015.mtsummit-papers.19,2015
{K}orean-{C}hinese word translation using {C}hinese character knowledge,https://aclanthology.org/2015.mtsummit-papers.20,2015
Topic adaptation for machine translation of e-commerce content,https://aclanthology.org/2015.mtsummit-papers.21,2015
Machine translation with source-predicted target morphology,https://aclanthology.org/2015.mtsummit-papers.22,2015
Improved beam search with constrained softmax for {NMT},https://aclanthology.org/2015.mtsummit-papers.23,2015
Bilingual distributed phrase representations for statistical machin translation,https://aclanthology.org/2015.mtsummit-papers.24,2015
Improved search strategy for interactive predictions in computer-assisted translation,https://aclanthology.org/2015.mtsummit-papers.25,2015
Improving semantic {SMT} via soft semantic role label constraints on {ITG} alignmens,https://aclanthology.org/2015.mtsummit-papers.26,2015
{W}iktionary-based word embeddings,https://aclanthology.org/2015.mtsummit-papers.27,2015
Literature Lifts Up Computational Linguistics,https://aclanthology.org/2015.lilt-12.1,2015
Distinguishing Voices in The Waste Land using Computational Stylistics,https://aclanthology.org/2015.lilt-12.2,2015
A computational analysis of poetic style: Imagism and its influence on modern professional and amateur poetry,https://aclanthology.org/2015.lilt-12.3,2015
Clustering of Novels Represented as Social Networks,https://aclanthology.org/2015.lilt-12.4,2015
Abstract Representations of Plot Structure,https://aclanthology.org/2015.lilt-12.5,2015
Sentence alignment for literary texts: The state-of-the-art and beyond,https://aclanthology.org/2015.lilt-12.6,2015
How to Record the Meaning of Figurative Language,https://aclanthology.org/2015.lilt-10.3,2015
Probabilistic Type Theory and Natural Language Semantics,https://aclanthology.org/2015.lilt-10.4,2015
Actes de la 22e conf{\'e}rence sur le Traitement Automatique des Langues Naturelles. REncontres jeunes Chercheurs en Informatique pour le Traitement Automatique des Langues,https://aclanthology.org/2015.jeptalnrecital-recital.0,2015
fr2sql : Interrogation de bases de donn{\'e}es en fran{\c{c}}ais,https://aclanthology.org/2015.jeptalnrecital-recital.1,2015
Actes de la 22e conf{\'e}rence sur le Traitement Automatique des Langues Naturelles. REncontres jeunes Chercheurs en Informatique pour le Traitement Automatique des Langues,https://aclanthology.org/2015.jeptalnrecital-recital.2,2015
"Vers un mod{\`e}le de d{\'e}tection des affects, appr{\'e}ciations et jugements dans le cadre d{'}interactions humain-agent",https://aclanthology.org/2015.jeptalnrecital-recital.3,2015
R{\'e}sum{\'e} Automatique Multi-Document Dynamique : {\'E}tat de l{'}Art,https://aclanthology.org/2015.jeptalnrecital-recital.4,2015
Alignement multimodal de ressources {\'e}ducatives et scientifiques,https://aclanthology.org/2015.jeptalnrecital-recital.5,2015
{\'E}tat de l{'}art : analyse des conversations {\'e}crites en ligne porteuses de demandes d{'}assistance en termes d{'}actes de dialogue,https://aclanthology.org/2015.jeptalnrecital-recital.6,2015
Actes de la 22e conf{\'e}rence sur le Traitement Automatique des Langues Naturelles. Articles longs,https://aclanthology.org/2015.jeptalnrecital-long.0,2015
Apprentissage par imitation pour l{'}{\'e}tiquetage de s{\'e}quences : vers une formalisation des m{\'e}thodes d{'}{\'e}tiquetage easy-first,https://aclanthology.org/2015.jeptalnrecital-long.1,2015
Strat{\'e}gies de s{\'e}lection des exemples pour l{'}apprentissage actif avec des champs al{\'e}atoires conditionnels,https://aclanthology.org/2015.jeptalnrecital-long.2,2015
Identification de facteurs de risque pour des patients diab{\'e}tiques {\`a} partir de comptes-rendus cliniques par des approches hybrides,https://aclanthology.org/2015.jeptalnrecital-long.3,2015
"Oublier ce qu{'}on sait, pour mieux apprendre ce qu{'}on ne sait pas : une {\'e}tude sur les contraintes de type dans les mod{\`e}les {CRF}",https://aclanthology.org/2015.jeptalnrecital-long.4,2015
Analyse d{'}expressions temporelles dans les dossiers {\'e}lectroniques patients,https://aclanthology.org/2015.jeptalnrecital-long.5,2015
Compr{\'e}hension automatique de la parole sans donn{\'e}es de r{\'e}f{\'e}rence,https://aclanthology.org/2015.jeptalnrecital-long.6,2015
Actes de la 22e conf{\'e}rence sur le Traitement Automatique des Langues Naturelles. Articles longs,https://aclanthology.org/2015.jeptalnrecital-long.7,2015
Actes de la 22e conf{\'e}rence sur le Traitement Automatique des Langues Naturelles. Articles longs,https://aclanthology.org/2015.jeptalnrecital-long.8,2015
M{\'e}thode faiblement supervis{\'e}e pour l{'}extraction d{'}opinion cibl{\'e}e dans un domaine sp{\'e}cifique,https://aclanthology.org/2015.jeptalnrecital-long.9,2015
Une m{\'e}thodologie de s{\'e}mantique de corpus appliqu{\'e}e {\`a} des t{\^a}ches de fouille d{'}opinion et d{'}analyse des sentiments : {\'e}tude sur l{'}impact de marqueurs dialogiques et dialectiques dans l{'}expression de la subjectivit{\'e},https://aclanthology.org/2015.jeptalnrecital-long.10,2015
Estimation de l{'}homog{\'e}n{\'e}it{\'e} s{\'e}mantique pour les Questionnaires {\`a} Choix Multiples,https://aclanthology.org/2015.jeptalnrecital-long.11,2015
"Extraction automatique de relations s{\'e}mantiques dans les d{\'e} finitions : approche hybride, construction d{'}un corpus de relations s{\'e}mantiques pour le fran{\c{c}}ais",https://aclanthology.org/2015.jeptalnrecital-long.12,2015
D{\'e}classer les voisins non s{\'e}mantiques pour am{\'e}liorer les th{\'e}saurus distributionnels,https://aclanthology.org/2015.jeptalnrecital-long.13,2015
Grammaires phrastiques et discursives fond{\'e}es sur les {TAG} : une approche de {D}-{STAG} avec les {ACG},https://aclanthology.org/2015.jeptalnrecital-long.14,2015
Noyaux de r{\'e}{\'e}criture de phrases munis de types lexico-s{\'e}mantiques,https://aclanthology.org/2015.jeptalnrecital-long.15,2015
Extraction automatique de paraphrases grand public pour les termes m{\'e}dicaux,https://aclanthology.org/2015.jeptalnrecital-long.16,2015
Analyse syntaxique de l{'}ancien fran{\c{c}}ais : quelles propri{\'e}t{\'e}s de la langue influent le plus sur la qualit{\'e} de l{'}apprentissage ?,https://aclanthology.org/2015.jeptalnrecital-long.17,2015
Attribution d{'}Auteur : approche multilingue fond{\'e}e sur les r{\'e}p{\'e}titions maximales,https://aclanthology.org/2015.jeptalnrecital-long.18,2015
Mesurer la similarit{\'e} entre phrases gr{\^a}ce {\`a} Wikip{\'e}dia en utilisant une indexation al{\'e}atoire,https://aclanthology.org/2015.jeptalnrecital-long.19,2015
Typologie automatique des langues {\`a} partir de treebanks,https://aclanthology.org/2015.jeptalnrecital-long.20,2015
Utilisation de mesures de confiance pour am{\'e}liorer le d{\'e}codage en traduction de parole,https://aclanthology.org/2015.jeptalnrecital-long.21,2015
"Multialignement vs bialignement : {\`a} plusieurs, c{'}est mieux !",https://aclanthology.org/2015.jeptalnrecital-long.22,2015
Apprentissage discriminant des mod{\`e}les continus de traduction,https://aclanthology.org/2015.jeptalnrecital-long.23,2015
Utiliser les interjections pour d{\'e}tecter les {\'e}motions,https://aclanthology.org/2015.jeptalnrecital-long.24,2015
Comparaison d{'}architectures neuronales pour l{'}analyse syntaxique en constituants,https://aclanthology.org/2015.jeptalnrecital-long.25,2015
...des conf{\'e}rences enfin disons des causeries... D{\'e}tection automatique de segments en relation de paraphrase dans les reformulations de corpus oraux,https://aclanthology.org/2015.jeptalnrecital-long.26,2015
Actes de la 22e conf{\'e}rence sur le Traitement Automatique des Langues Naturelles. Conf{\'e}rences invit{\'e}es,https://aclanthology.org/2015.jeptalnrecital-invite.0,2015
"Multilinguality at Your Fingertips : {B}abel{N}et, Babelfy and Beyond !",https://aclanthology.org/2015.jeptalnrecital-invite.1,2015
Pourquoi construire des ressources terminologiques et pourquoi le faire diff{\'e}remment ?,https://aclanthology.org/2015.jeptalnrecital-invite.2,2015
Actes de la 22e conf{\'e}rence sur le Traitement Automatique des Langues Naturelles. D{\'e}monstrations,https://aclanthology.org/2015.jeptalnrecital-demonstration.0,2015
{MEDITE} : logiciel d{'}alignement de textes pour l{'}{\'e}tude de la g{\'e}n{\'e}tique textuelle,https://aclanthology.org/2015.jeptalnrecital-demonstration.1,2015
{P}h{\oe}bus : un Logiciel d{'}Extraction de R{\'e}utilisations dans des Textes Litt{\'e}raires,https://aclanthology.org/2015.jeptalnrecital-demonstration.2,2015
{YADTK} : Une plateforme open-source {\`a} base de r{\`e}gles pour d{\'e}velopper des syst{\`e}mes de dialogue oral,https://aclanthology.org/2015.jeptalnrecital-demonstration.3,2015
{T}erm{L}is : un contexte d{'}information logique pour des ressources terminologiques,https://aclanthology.org/2015.jeptalnrecital-demonstration.4,2015
Etude de l{'}image de marque d{'}entit{\'e}s dans le cadre d{'}une plateforme de veille sur le Web social,https://aclanthology.org/2015.jeptalnrecital-demonstration.5,2015
Building a Bilingual {V}ietnamese-{F}rench Named Entity Annotated Corpus through Cross-Linguistic Projection,https://aclanthology.org/2015.jeptalnrecital-demonstration.6,2015
Recherche de motifs de graphe en ligne,https://aclanthology.org/2015.jeptalnrecital-demonstration.7,2015
Un patient virtuel dialogant,https://aclanthology.org/2015.jeptalnrecital-demonstration.8,2015
Int{\'e}gration du corpus des actes de {TALN} {\`a} la plateforme {S}cien{Q}uest,https://aclanthology.org/2015.jeptalnrecital-demonstration.9,2015
Une aide {\`a} la communication par pictogrammes avec pr{\'e}diction s{\'e}mantique,https://aclanthology.org/2015.jeptalnrecital-demonstration.10,2015
Un syst{\`e}me expert fond{\'e} sur une analyse s{\'e}mantique pour l{'}identification de menaces d{'}ordre biologique,https://aclanthology.org/2015.jeptalnrecital-demonstration.11,2015
{D}is{M}o : un annotateur multi-niveaux pour les corpus oraux,https://aclanthology.org/2015.jeptalnrecital-demonstration.12,2015
Actes de la 22e conf{\'e}rence sur le Traitement Automatique des Langues Naturelles. Articles courts,https://aclanthology.org/2015.jeptalnrecital-court.0,2015
Une m{\'e}thode discriminant formation simple pour la traduction automatique avec Grands Caract{\'e}ristiques,https://aclanthology.org/2015.jeptalnrecital-court.1,2015
Natural Language Reasoning using Coq: Interaction and Automation,https://aclanthology.org/2015.jeptalnrecital-court.2,2015
"Vous aimez ?...ou pas ? {L}ike{I}t, un jeu pour construire une ressource lexicale de polarit{\'e}",https://aclanthology.org/2015.jeptalnrecital-court.3,2015
{\'E}tude des verbes introducteurs de noms de m{\'e}dicaments dans les forums de sant{\'e},https://aclanthology.org/2015.jeptalnrecital-court.4,2015
Initialisation de R{\'e}seaux de Neurones {\`a} l{'}aide d{'}un Espace Th{\'e}matique,https://aclanthology.org/2015.jeptalnrecital-court.5,2015
{FDTB}1: Rep{\'e}rage des connecteurs de discours en corpus,https://aclanthology.org/2015.jeptalnrecital-court.6,2015
"{ROBO}, an edit distance for sentence comparison Application to automatic summarization",https://aclanthology.org/2015.jeptalnrecital-court.7,2015
Classification d{'}entit{\'e}s nomm{\'e}es de type film,https://aclanthology.org/2015.jeptalnrecital-court.8,2015
A critical survey on measuring success in rank-based keyword assignment to documents,https://aclanthology.org/2015.jeptalnrecital-court.9,2015
Effects of Graph Generation for Unsupervised Non-Contextual Single Document Keyword Extraction,https://aclanthology.org/2015.jeptalnrecital-court.10,2015
Adaptation par enrichissement terminologique en traduction automatique statistique fond{\'e}e sur la g{\'e}n{\'e}ration et le filtrage de bi-segments virtuels,https://aclanthology.org/2015.jeptalnrecital-court.11,2015
Une mesure d{'}int{\'e}r{\^e}t {\`a} base de surrepr{\'e}sentation pour l{'}extraction des motifs syntaxiques stylistiques,https://aclanthology.org/2015.jeptalnrecital-court.12,2015
Une Approche {\'e}volutionnaire pour le r{\'e}sum{\'e} automatique,https://aclanthology.org/2015.jeptalnrecital-court.13,2015
Identification des unit{\'e}s de mesure dans les textes scientifiques,https://aclanthology.org/2015.jeptalnrecital-court.14,2015
{\'E}valuation intrins{\`e}que et extrins{\`e}que du nettoyage de pages Web,https://aclanthology.org/2015.jeptalnrecital-court.15,2015
{CAN{\'E}PHORE} : un corpus fran{\c{c}}ais pour la fouille d{'}opinion cibl{\'e}e,https://aclanthology.org/2015.jeptalnrecital-court.16,2015
Extraction de Contextes Riches en Connaissances en corpus sp{\'e}cialis{\'e}s,https://aclanthology.org/2015.jeptalnrecital-court.17,2015
Traitement automatique des formes m{\'e}triques des textes versifi{\'e}s,https://aclanthology.org/2015.jeptalnrecital-court.18,2015
Apprentissage automatique d{'}un mod{\`e}le de r{\'e}solution de la cor{\'e}f{\'e}rence {\`a} partir de donn{\'e}es orales transcrites du fran{\c{c}}ais : le syst{\`e}me {CROC},https://aclanthology.org/2015.jeptalnrecital-court.19,2015
Actes de la 22e conf{\'e}rence sur le Traitement Automatique des Langues Naturelles. Articles courts,https://aclanthology.org/2015.jeptalnrecital-court.20,2015
Augmentation d{'}index par propagation sur un r{\'e}seau lexical Application aux comptes rendus de radiologie,https://aclanthology.org/2015.jeptalnrecital-court.21,2015
D{\'e}tection automatique de l{'}ironie dans les tweets en fran{\c{c}}ais,https://aclanthology.org/2015.jeptalnrecital-court.22,2015
"Dictionnaires morphologiques du fran{\c{c}}ais contemporain : pr{\'e}sentation de Morfetik, {\'e}l{\'e}ments d{'}un mod{\`e}le pour le {TAL}",https://aclanthology.org/2015.jeptalnrecital-court.23,2015
Une m{\'e}tagrammaire de l{'}interface morpho-s{\'e}mantique dans les verbes en arabe,https://aclanthology.org/2015.jeptalnrecital-court.24,2015
Cr{\'e}ation d{'}un nouveau treebank {\`a} partir de quatri{\`e}mes de couverture,https://aclanthology.org/2015.jeptalnrecital-court.25,2015
Entre {\'e}crit et oral ? Analyse compar{\'e}e de conversations de type tchat et de conversations t{\'e}l{\'e}phoniques dans un centre de contact client,https://aclanthology.org/2015.jeptalnrecital-court.26,2015
Construction et maintenance d{'}une ressource lexicale bas{\'e}es sur l{'}usage,https://aclanthology.org/2015.jeptalnrecital-court.27,2015
Utilisation d{'}annotations s{\'e}mantiques pour la validation automatique d{'}hypoth{\`e}ses dans des conversations t{\'e}l{\'e}phoniques,https://aclanthology.org/2015.jeptalnrecital-court.28,2015
Etiquetage morpho-syntaxique en domaine de sp{\'e}cialit{\'e}: le domaine m{\'e}dical,https://aclanthology.org/2015.jeptalnrecital-court.29,2015
Vers une typologie de liens entre contenus journalistiques,https://aclanthology.org/2015.jeptalnrecital-court.30,2015
"{CDGF}r, un corpus en d{\'e}pendances non-projectives pour le fran{\c{c}}ais",https://aclanthology.org/2015.jeptalnrecital-court.31,2015
Utilisation des r{\'e}seaux de neurones r{\'e}currents pour la projection interlingue d{'}{\'e}tiquettes morpho-syntaxiques {\`a} partir d{'}un corpus parall{\`e}le,https://aclanthology.org/2015.jeptalnrecital-court.32,2015
Segmentation et Titrage Automatique de Journaux T{\'e}l{\'e}vis{\'e}s,https://aclanthology.org/2015.jeptalnrecital-court.33,2015
Un syst{\`e}me hybride pour l{'}analyse de sentiments associ{\'e}s aux aspects,https://aclanthology.org/2015.jeptalnrecital-court.34,2015
"La ressource {EXPLICADIS}, un corpus annot{\'e} sp{\'e}cifiquement pour l{'}{\'e}tude des relations de discours causales",https://aclanthology.org/2015.jeptalnrecital-court.35,2015
La s{\'e}paration des composantes lexicale et flexionnelle des vecteurs de mots,https://aclanthology.org/2015.jeptalnrecital-court.36,2015
Traitements pour l{'}analyse du fran{\c{c}}ais pr{\'e}classique,https://aclanthology.org/2015.jeptalnrecital-court.37,2015
Classification de texte enrichie {\`a} l{'}aide de motifs s{\'e}quentiels,https://aclanthology.org/2015.jeptalnrecital-court.38,2015
Le traitement des collocations en g{\'e}n{\'e}ration de texte multilingue,https://aclanthology.org/2015.jeptalnrecital-court.39,2015
"M{\'e}dicaments qui soignent, m{\'e}dicaments qui rendent malades : {\'e}tude des relations causales pour identifier les effets secondaires",https://aclanthology.org/2015.jeptalnrecital-court.40,2015
Exploration de mod{\`e}les distributionnels au moyen de graphes 1-{PPV},https://aclanthology.org/2015.jeptalnrecital-court.41,2015
Apport de l{'}information temporelle des contextes pour la repr{\'e}sentation vectorielle continue des mots,https://aclanthology.org/2015.jeptalnrecital-court.42,2015
Etiquetage morpho-syntaxique de tweets avec des {CRF},https://aclanthology.org/2015.jeptalnrecital-court.43,2015
Caract{\'e}riser les discours acad{\'e}miques et de vulgarisation : quelles propri{\'e}t{\'e}s ?,https://aclanthology.org/2015.jeptalnrecital-court.44,2015
Extraction et analyse automatique des comparaisons et des pseudo-comparaisons pour la d{\'e}tection des comparaisons figuratives,https://aclanthology.org/2015.jeptalnrecital-court.45,2015
Proposition m{\'e}thodologique pour la d{\'e}tection automatique de Community Manager. {\'E}tude multilingue sur un corpus relatif {\`a} la Junk Food,https://aclanthology.org/2015.jeptalnrecital-court.46,2015
