Unique_Word,Count
constructive type-logical supertagging,1
case-stacking annotations,1
nanogenmo,1
pre-scheduled events,1
writerforcing,1
movie's success,1
tcl,1
turkish discourse connectives,1
null instantiated semantic roles,1
korean amr,1
social media narratives,1
cleartac,1
verb tense,1
form classification,1
orthogonal procrustes analysis,1
genetic research,1
cross-terminology,1
passive diagnosis,1
emotion communication channels,1
possible countermeasures,1
paralleldots,1
polarized user responses,1
vocalic quantification,1
african english corpora,1
mixtec,1
pitch range,1
csi peru news,1
culprit,1
multi-label hate speech,1
reddit's quarantine policy,1
integrative view,1
hierarchically-labeled portuguese hate speech dataset,1
monitor,1
l-hsab,1
obscene side,1
neural word decomposition models,1
platform agnostic,1
dual-strand hate speech detector,1
phq-4,1
collocated,1
and aggregated medical representation,1
similar minds,1
healthcare inequities,1
persons with subjective,1
digital cohorts,1
operant motive test,1
verbal memory,1
modeling human ratings,1
classifying clinical group membership,1
ugent-idlab,1
community-level health outcomes,1
convsent at clpsych 2019 task a,1
post-level sentiment features,1
active-filler strategy,1
move-eager left-corner minimalist grammar parser,1
inhibition,1
"optional infinitival ""to""",1
el modelo est\'a,1
close romantic partners,1
recent interactions,1
negative self-focused language,1
depressed individuals,1
dialect features,1
contextual abuse dataset,1
nlp@uned,1
cad,1
adr mentions,1
bigodm system,1
common law,1
personalized health mentions,1
precedent,1
midas@smm4h-2019,1
crisis counselor training,1
therapist conversational actions,1
immigration discourse,1
classify autism,1
patient-generated clinical speech,1
united states supreme court hearings,1
popular tv series,1
isolating,1
wire57,1
peace machine,1
role factored tensor event embedding,1
dstc7 task 1,1
noetic end-to-end response selection,1
chatbot text classification,1
long distance slot carryover,1
hedge term,1
ccgweb,1
constructing efforts,1
litkey corpus,1
materials synthesis procedures,1
dense captions,1
oceanic languages,1
melanesia,1
online annotation assistant,1
formulaic sequences,1
action-sensitive,1
weakly deterministic transformations,1
contour shapes,1
subregular phonology,1
bot detection,1
x-probe,1
knowledge intensive language tasks,1
committee representations,1
modality-based factorization,1
welsh taggers,1
kilt,1
morpheus,1
multi-team,1
ist,1
sparse two-headed models,1
philosophical terms,1
thomas,1
operation-based word formation,1
unbounded stress,1
emtsv pipeline,1
multi-platform annotation ecosystem,1
recursive structures,1
aspera,1
automatic gender identification,1
ukrainian morphological paradigms,1
admissibility,1
agrr 2019,1
gapping resolution,1
tlr,1
jrc tma-cc,1
arrow of time,1
noisy instructional videos,1
marginalizing minority voices,1
five sentence quality representations,1
female celebrities,1
official statistics,1
singaporean children's english,1
american counterparts,1
british counterparts,1
evidence pooling,1
anonymized bert,1
3rd place solution,1
msnet,1
advanced text segment annotation,1
general abstract meaning representation corpus,1
spectral wfa ranks,1
spk languages,1
dynamic counting,1
gender generalization subtype,1
answer diversity,1
gender bias word categories,1
conceptor debiasing,1
weat (word-embedding association test),1
number gaps,1
black-box context injection,1
protected class word lists,1
diagnostic tool,1
bert masked language modeling,1
generating code-switches,1
perceptual decision making,1
adaptive agent,1
standard clause titles,1
rich logical schemas,1
hyperintensionality,1
hyperintensional side effects,1
fragment of natural deduction system,1
induced action alternation,1
compatibility intervals,1
imagettr,1
insurance contracts,1
robust morphological analyzer,1
educational data,1
unified northern alphabet,1
uralic multimedia corpora,1
iso/tei corpus data,1
project inel,1
two-step tokenization,1
extract morphology,1
incorporation of emotion,1
resource lean languages,1
numerical portions of text,1
hitchbot's destruction,1
char-rnn,1
styleptb,1
keyphrase weights,1
rakhine (arakanese),1
kpqa,1
deep dialectological representation,1
bam,1
wrime,1
r2i_lis team,1
linear pipeline approaches,1
sc-upb,1
twistbytes,1
poisoned word embeddings,1
dteam,1
intensifiers,1
votic,1
kunwinjku,1
teacher-student architecture,1
uc davis,1
nuli,1
cuny-pku parser,1
dangnt@uit.vnu-hcm,1
gcn-sem,1
maskparse@deskin,1
cross-lingual ucca semantic parsing,1
recursive masked sequence tagging,1
dag semantic parsing,1
li-bai,1
brainee,1
ensembling linear classifiers,1
caire_hkust,1
surface learning,1
conssed,1
configurable semantic,1
cx-st-rnm,1
global past-future early exit method,1
atalaya,1
neural granny,1
ucca graph parsing,1
tibetan verbal morphology,1
multi-constraint structured hinge loss,1
feature-guided neural model,1
red-faced rouge,1
chemical reactions,1
patients with pain,1
emerald 110k,1
abstract sentence classification,1
cnl-er,1
findher,1
women experts,1
difficulty-aware distractor generation,1
string-to-graph constructive alignment algorithm,1
discrete language modeling,1
masked conditional random fields,1
deromanization,1
argument-relative structured encoding,1
long-distance cue integration,1
streamlined statistical prediction,1
science toolkit,1
action graph extraction,1
article identification,1
scientization,1
fictional voices,1
classifying character voices,1
environmental policy texts,1
homothetic clustering,1
symbolic intermediate representation,1
digitized historical texts,1
allusive text reuse,1
spanglish,1
coherent,1
story infilling,1
dal,1
framing unpacked,1
stac,1
dataset mention,1
neutralization techniques,1
gumdrop,1
eye regressions,1
italian relative clause asymmetries,1
rate of lexical change,1
children's early lexical networks,1
verb-second effect,1
explicit mention detection,1
entity decisions,1
medical,1
modeling editors' behaviors,1
discourse signal,1
eusdisparser,1
comparing discourse signals,1
rst-tace,1
tony,1
climate change scepticism,1
bilingual-gan,1
legal-decision corpora,1
continuous entity state,1
permanent magnetic articulograph (pma),1
shareable synthetic clinical notes,1
ehr data,1
icu transfers,1
clinical sentences,1
explicit why-qa cues,1
digital transcripts,1
word importance prediction,1
bulbar regression,1
legal linking,1
predictive aac,1
bci communication,1
cant understanding,1
spatialnet,1
declarative resource,1
parallelizable stack,1
discrete entity state,1
nested,1
dyr bul shchyl,1
codah,1
swow-8500,1
constitutional law,1
us federal court dockets,1
portfolio,1
document curation services,1
legal area classification,1
singapore supreme court judgments,1
document attributes,1
reported media consumption,1
viral moments,1
group decision-making,1
online echo chambers,1
public sphere,1
neural vector,1
down-sampling strategies,1
svd word embedding stability,1
disjoint corpus,1
isikun,1
modeling causality,1
flexible and efficient treebank search,1
parsed corpus of tibetan,1
pactib,1
chaghatay,1
intelligenti pauca,1
akkadian treebank,1
early neo-assyrian royal inscriptions,1
alpinograph,1
run-time aware compression,1
mexican spanish dataset,1
informative representations,1
training instance,1
frank-wolfe algorithm,1
early exiting bert,1
values of sources,1
low-resources scenarios,1
directprobe,1
meta-dating,1
identifying trolling,1
tamilmemes,1
automatic toxic comment detection,1
cross-treebank inconsistencies,1
morphological sequence classification,1
udon2,1
memories,1
tocp,1
chinese profanity processing,1
non-toxic landscapes,1
multioff,1
ai_ml_nit_patna,1
readtwice,1
robust aggression identification,1
scmhl5,1
progressive bert training,1
saja at trac 2020 shared task,1
florunito@trac-2,1
transformer growth,1
mutilingual bert,1
squeezebert,1
fastformers,1
spatial trigger extraction,1
deeply embedded knowledge representation,1
practitioner's perspective,1
element-wise visual-enhanced bilstm-crf model,1
bert-based spatial information extraction,1
factual probing,1
inference time content selection,1
attention head masking,1
retouchdown,1
wfas,1
touchdown,1
streetlearn,1
street view,1
narmada,1
resource managing assistant,1
adversities,1
contemporary issues,1
log-linear reformulation,1
density estimation,1
learning to recall,1
definition comprehension,1
next response selection,1
sustainlp 2020 shared task,1
active defense,1
privacy preserving data publishing middleware,1
information space,1
online disinformation campaign,1
narrative + stance approach,1
email threat detection,1
contextualized perturbation,1
span copying,1
joint class cardinality,1
entity property inference,1
model-complete text comprehension,1
layer-wise guided training,1
refined document representations,1
soft prompts,1
universal dependencies conversion pipeline,1
absence,1
wipro ai,1
meta ensemble,1
clutter scene grounding,1
extracted context,1
odianlp,1
3d robotic dataset,1
wat 2020 english-to-odia translation task,1
odia-english,1
goku,1
arabizi detection,1
ocid-ref,1
unseen logographic characters,1
error-based investigation,1
saudi twittersphere,1
efficient hierarchical recurrence,1
isnads,1
embed more ignore less (emil),1
transformer-based double-token,1
english-persian bilingually low-resource scenario,1
generating references,1
semantic template mining,1
malayalam speech corpus,1
statement classification,1
polish lexicon-grammar,1
architectural landmark descriptions,1
owlsiz,1
isizulu cnl,1
cycle training,1
enhanced rdf verbalization,1
$\mathcalp^2$,1
plan-and-pretrain approach,1
bbaeg,1
rdfjsrealb,1
upc rdf-to-text system,1
train hard,1
webnlg 2020 challenge,1
manorm,1
araweat,1
nutri-bullets hybrid,1
armenian diachronic-variational corpus processing,1
vlsp relex shared task,1
vietnamese news,1
account linking,1
lsdc,1
close languages,1
orthographically-distinct,1
zaza-gorani language family,1
building process,1
arabic-english code-switched data,1
predictive document spans,1
middle-age varieties,1
the wanca 2017 corpora,1
spanpredict,1
helju@vardial 2020,1
zhaw-init,1
ava,1
responsible information identification,1
uet-ictu,1
bi-lstm-based deep biaffine neural dependency parser,1
phobert embeddings,1
team alexa,1
voting classifier,1
mimoqa,1
faheem at nadi,1
reverse translation corpus extension system,1
qmul/hrbdt,1
arabic countries,1
stacking classifier,1
generic text extraction tools,1
clean register-annotated corpora,1
elte.dh pilot corpus,1
hypernym-libre,1
optimal keywords,1
multimodal end-to-end sparse model,1
vietnamese fake news detection,1
uncertain segmentation information,1
conversation-aware filtering,1
online diabetes forums,1
rijp,1
isoglosses,1
discrete language embeddings,1
diasense,1
sense change,1
babelenconding,1
gm-ctsc,1
cross temporal similarity clustering,1
schme,1
dcc-uchile,1
ucd-net system,1
uio-uva,1
bmeaut,1
graded effect,1
style voice conversion,1
seq2emo,1
bos at,1
gradient symbolic computation,1
gradient inputs,1
phonemic tone contours,1
induced inflection-set,1
facial deformations,1
semantic abstractions,1
ageing deaf signers,1
frank,1
animating,1
adverbs of manner,1
dgs,1
signwriting,1
srt files,1
cmu-lti,1
nyu-cuboulder systems,1
ims--cuboulder system,1
hospital-course summarization,1
principal parts,1
transformer-based g2p,1
circe,1
emblexchange,1
turingadvice,1
hidden layer state,1
cnrl,1
iitk-rsa,1
acnlp,1
gorynych transformer,1
cn-hit-it.nlp,1
cs-net,1
deepyang,1
hr@just team,1
semantic shift tracing,1
unilm,1
justers,1
kalm,1
kde senseforce,1
beam dense retrieval,1
encoding documents,1
lmve,1
muli-task stacked bi-lstms,1
swagex,1
explanation system,1
qiaoning,1
temporalteller,1
shikeblcu,1
external knowledge-enhanced matrix,1
alexu-aux-bert,1
bert contextual similarity,1
or tool),1
human sense word similarity,1
justmasters,1
esc (presumably an acronym for a scientific concept,1
deft corpus,1
iie-nlp-nut,1
prompt template reconstruction strategy,1
domain-specific definition classification,1
extractive sense comprehension,1
masked reasoner,1
shading techniques,1
fluent asl signers,1
classifying medication,1
poio text prediction,1
lrl,1
distractor corpora,1
gascon occitan,1
five-lingual code-switched asr,1
automatically-segmented soap opera speech,1
plains cree syllabics,1
multiseg,1
data transformer interface,1
luxembourgish sentiment analysis,1
fully convolutional asr,1
balinese,1
bataks,1
phoneme boundary,1
multiway geometric properties,1
waveform trajectories,1
component analysis,1
celtic mutations,1
birth defect mention detection,1
nlp@vcu,1
self promotion,1
mentioning tweets,1
islab system,1
bert implementation,1
entrust,1
drug reactions,1
preemptive detection,1
entity-based narrative graph,1
fbk@smm4h2020,1
autobots ensemble,1
speechtrans@smm4h'20,1
birth defect pregnancy outcome,1
two-view cnn rnn based architecture,1
inherent disagreement,1
medication mention detection,1
litl,1
sexual abuse disclosures,1
indonesian movie,1
100 american sign language signs,1
lse_uvigo,1
shared phonological coding,1
asl signbank,1
asl-lex,1
jsl dialogue corpus,1
global signbank,1
automatic mouth gesture classification,1
pe2lgp animator,1
complex shape deployments,1
macsen,1
dictionary query,1
dominant hand,1
signhunter,1
sign elicitation tool,1
deaf events,1
isolated-signing,1
rgbd dataset,1
imputing typological values,1
feature prediction,1
frequentist inference approach,1
kmi-panlingua-iitkgp,1
data-driven parametric text normalization,1
lenition,1
stop codas,1
welsh terminology tool,1
linguistic crescent varieties,1
kazakh morphological disambiguation,1
incident language packs,1
twi (asante) dictionary,1
manual speech synthesis,1
lakota,1
folkloric lyrics,1
counselling corpus,1
cree,1
turkish emotion voice database,1
turev-db,1
odia-english parallel corpus,1
coming out,1
common sense context,1
span-based dictionary matching,1
paht_nlp,1
bdkg,1
coverage-oriented reranking,1
blar,1
local acronym resolver,1
bioelectra,1
word centrality,1
electronic full-text counterparts,1
dynamic token reduction,1
chinese medical texts,1
biom-transformers,1
target-side document-level language model,1
context-aware query design,1
efficient reading,1
ucsd-adobe,1
chichealth,1
tr-bert,1
bert-based automatic icd coding,1
tita,1
integers,1
syntactic anomaly information,1
interpretable clauses,1
structure preserving parsing,1
multi-layer random perturbation training,1
japanese adversarial natural language inference,1
layer-wise probing,1
bertoids' representations,1
perturbing inputs,1
food-disease relation extraction,1
fragile interpretations,1
rocketqa,1
breadth first reasoning graph,1
recruitment algorithms,1
data-driven neuron representations,1
triplet-trained vector space,1
sieve-based search,1
pegasus transformers,1
sb\_nitk,1
optum,1
public participation processes,1
argumentative sentence linking performance,1
binary pointer network,1
stance-aware query expansion,1
cross-topic generalizable,1
m-arg,1
urban planning,1
municipalities,1
mobility transitions,1
simple bart finetuning,1
argument validity,1
open hierarchical,1
2021 key point analysis shared task,1
recursive temporal fact embedding framework,1
rtfe,1
team enigma,1
qxoref 0,1
planned parenthood debate,1
bstc,1
response process complexity,1
sharks,1
qiai,1
uetrice,1
prosper-thy-neighbour extractive multi-document summarization model,1
uetfishes,1
standing-on-the-shoulders-of-giants model,1
tagged corruption models,1
greek readability classification,1
target categorical codes,1
generative imagination,1
cause-and-effect questions,1
interventions recommendation,1
professionals' observations analysis,1
special needs education,1
c-test collector,1
virtual pre-service teacher assessment,1
dagn,1
empirical explainers,1
efficient explanations,1
online suicidal posts,1
social media-based mental health surveillance models,1
anorexia manifestations,1
qmsum,1
differential treatment,1
adaptsum,1
causal lens,1
publication trends,1
events on a global scale,1
multigranular event detection,1
conflict studies,1
protest-er,1
argfuse,1
industrial incident reports,1
political platforms,1
fkie_itf_2021,1
small densely fully connected neural nets,1
low-resource real-time assessment,1
automated verbal memory assessment,1
ai-based predictions,1
depression models,1
mediasum,1
movement-mood relationship,1
digital life data,1
phonemic search strategies,1
community-level research,1
secure environment,1
mm-avs,1
short-term history,1
tracking self-harm aspects,1
query-based multi-domain meeting summarization,1
psychiatric hospitalizations,1
ruptures,1
automated coherence measures,1
thought disorder,1
counselor utterance coding,1
daai at case 2021 task 1,1
alem at case 2021 task 1,1
length prediction,1
domain and tagset adaptation,1
company's reputation,1
berti'c,1
rusenteval,1
encoder force,1
aligned russian text simplification dataset,1
dedupe,1
priberam labs,1
traspas,1
team ``noconflict'',1
guideline bias,1
extrapolation splits,1
attackers,1
attacker information,1
friendly,1
nouns' semantic properties,1
performance transfer,1
inappropriate messages,1
sliding selector network,1
herbert,1
em corpus,1
amu-euranova,1
"team ""dadefrni""",1
2021 task 2 socio-political fine-grained event classification,1
fine-tuned roberta document embeddings,1
black lives matter events,1
english-hingilsh code-switched machine translation,1
calcs2021,1
unsupervised synthetic code-mixed parallel corpus,1
logistical difficulties,1
jopara sentiment analysis,1
codemixednlp,1
automatic cyrillic-to-latin converter,1
apache spark framework,1
requirement datasets,1
bitext retrieval,1
mention-pair baseline,1
apurin,1
highland puebla nahuatl speech,1
nutcracker,1
covid twitter bert,1
bagging ensemble technique,1
cxp949,1
roberta ensembles,1
infominer,1
datamafia,1
ensemble of transfer learning,1
progressive trained language models,1
data domain,1
elmo-based system,1
idsou,1
nit_covid-19,1
edinburghnlp,1
gcdh,1
detection of informativeness,1
uet,1
phonemer,1
iiitbh,1
siva,1
rnn states,1
civil unrest on twitter (cut),1
tweeki,1
adversarial penalizations,1
gpt perdetry test,1
formation-informed method,1
lab protocol,1
structured learning ensemble,1
contextualized sequence classification,1
mgsohrab,1
neural exhaustive approach,1
fuse and generate,1
fancy man,1
zippo,1
wet lab entity extraction,1
bitem,1
sunbear,1
iswara,1
online professor reviews,1
neural network surgery,1
leichte sprache,1
easy language,1
ai4d,1
african language dataset challenge,1
ffr v1,1
fon-french,1
law-making,1
political advertising dataset,1
fasttext embeddings,1
human unlikeness,1
2020 presidential candidates,1
impact of experiment design,1
moral language,1
information contagion,1
day trading behavior prediction,1
hausamt v0,1
fast and correct typing,1
brazilian music styles,1
morpheme based recognition units,1
simplex-pb 0,1
covcor20,1
test_positive,1
imec-etro-vub,1
covid-19 events,1
minimal instance-wise side effects,1
covid-19 event extraction,1
event specific information,1
chunk span information,1
covid entities,1
hltri,1
multi-task hopfield pooling,1
amharic web documents,1
farness,1
data patterns,1
amharic natural language inference,1
subsequence classification guided approach,1
objectifying language,1
paraguayan guaraní,1
energy discourse,1
frugal use,1
sequential knowledge transition,1
low data vqa,1
length-varying text similarity,1
assistive robots,1
privileged information,1
phone based keyword spotting,1
thesaurus-based automatic topic labeling,1
graph projection neural network,1
grover,1
qa-based intermediate training,1
retrodiction,1
delayed recurrence,1
nl-edit,1
action-pointer transformer,1
grading evidence,1
panoramic graph environment annotation toolkit,1
countering evaluation biases,1
grounding plural phrases,1
error causal inference,1
seneca,1
yine,1
arawak,1
nêhiyawêwin (plains cree),1
n\^ehiyaw\^ewin dictionary,1
ancash lexical resources,1
ayuuk,1
explicit tone transcription,1
morphological transducer,1
orthography converter,1
western tlacolula valley zapotec,1
'i don't know' problem,1
repu cs,1
character-based random babbling baseline,1
indt5,1
green nlp,1
shadowgnn,1
second-language speaker variations,1
privacy law compliance,1
meaningful evaluations,1
giant,1
bm25,1
normalized impact index,1
subtle research topics,1
reconstructing physh,1
embedding competent,1
phinc,1
social-media assisted crisis management,1
web claims,1
intelligent analyses,1
trending terms,1
cybersecurity forum discussions,1
amt workers,1
service's users,1
noisy crowdsourced free-text answers,1
citation parsing,1
real reference strings,1
synthetic reference strings,1
implicit citation context extraction,1
cross-genre constituency parsing,1
maml,1
zero-resource domains,1
bertologicomix,1
align together,1
trajectory-based meta-learning,1
brief and multi-intent natural language utterances,1
virtual citation proximity (vcp),1
document recommender systems,1
hypothetical in-text citation-proximity metric,1
uncited documents,1
self citations,1
affiliations,1
new meanings,1
smartcitecon,1
mxgra,1
teamjust,1
future discriminators,1
smart-start decoding,1
tied-multi transformers,1
4-bit precision,1
question type driven,1
copy loss enhanced framework,1
titling,1
unreasonable volatility,1
range voting,1
combining forward and backward outputs,1
action failures,1
staple 2020,1
semantic draft,1
n-best multi-checkpoint machine translation,1
2020 machine translation efficiency task,1
collfren,1
finnish mwe lexicons,1
sequential tool usage,1
er-ae,1
explanation triggers,1
prep,1
simultaneous teaching,1
count-based features,1
risk communication event detection model,1
copybert,1
dlgnet,1
ranking-based dialogue models,1
sketch-fill-a-r,1
persona-grounded chit-chat generation framework,1
chatroom corpus,1
therapy-related annotations,1
browser-based reading assistant,1
opposable classes,1
conversational natural language interfaces,1
multi-task text normalization,1
authorship anonymization,1
customer-care domain,1
explainable therapy,1
scalar conceptualizations,1
double perturbation,1
unexpected/erroneous collocations,1
saint augustine,1
rocks,1
aramaic-hebrew translation lexicon,1
old georgian,1
computerized forward reconstruction,1
latinflexi,1
fair pay,1
neo-latin,1
jhubc,1
unseen-in-training mwes,1
lt4hala evalatin 2020,1
gradient boosting-seq2seq system,1
latin pos tagging,1
federal disability benefits,1
data4impact system,1
austrian language resource portal,1
legal-es,1
lithological terms,1
open-source methodology,1
qualities,1
wordnet adjectives,1
unseen verb-noun vmwes,1
ermi,1
travis,1
mtlb-struct,1
extra cost,1
multivitaminbooster,1
window-based features,1
unidrop,1
discourse probing,1
german interface vocabulary,1
semantic interpretability measures,1
joint privacy-utility optimization,1
privacy regularization,1
deontological ethics,1
sumo attributes,1
authoritarian state media,1
japanese songs,1
nostalgic music,1
us department of veterans affairs,1
dynamic content-specific lda topic modeling,1
atlas grounding,1
efficient user satisfaction prediction,1
annotate research aspects,1
graph community detection,1
jennifer,1
national covid-19 surveillance,1
real world worry dataset,1
temporal mental health,1
european twitter messages,1
covid-19 outbreak alignment,1
arab world governments,1
frugal neural reranking,1
hierarchical nmf,1
tico-19,1
translation initiative,1
weekly covid-19 concerns,1
care-seeking behavior,1
foreigner-directed speech,1
precise location extraction,1
african american patients,1
hispanic/latino patients,1
signal analytics,1
depression biomarkers,1
topic-based measures,1
psychosocial online counseling,1
positional claim detection,1
online substance use recovery forums,1
population-level symptoms,1
viable threat,1
news reading,1
parole hearings,1
text measurements,1
independent living outcomes,1
social workers,1
expressive interviewing,1
trump gap,1
lyrics features,1
music audio clips,1
iestac,1
full-sentence vqa,1
mast,1
music relations,1
lyrics information processing,1
playlist titles,1
user listening contexts,1
music taxonomy,1
social distancing,1
two-part counterpoint,1
musical sequences,1
abc notation,1
butter,1
bi-directional music-sentence retrieval,1
quantitative day trading,1
music autotagging,1
structured procedural knowledge extraction,1
unstructured audio masking,1
modulated fusion,1
global developments,1
covid discourse,1
covidlies,1
diagnostic label correlation,1
governmental covid-19 measures,1
vapur,1
protein - compound pairs,1
pandemic-related stress factors,1
young-adults,1
public reaction,1
iran,1
askme,1
concept wikification,1
curated topic model,1
sars-cov-2,1
applied research,1
spanish legal text processing,1
scientific workflows data,1
sshoc repository,1
ner scorer,1
validated insight candidates,1
stress-based text tailoring,1
sentence-pair tasks,1
layout-aware text representations,1
clustering documents by type,1
counterfactually-augmented snli training data,1
nmf ensembles,1
non-replicable results,1
danish renaissance dictionary,1
hint3,1
neighbor contextual information learners,1
unified multi intent order,1
selective learning propagation,1
emplite,1
modelling frequency,1
attestations,1
iterative neural scoring,1
sportsett:basketball,1
active ageing,1
fitchat,1
x-metra-ada,1
effort-value payoff,1
komi-permyak,1
komi,1
antiharmonic stems,1
16th joint acl,1
iso workshop,1
hindi timebank,1
croatian semantic type coercions,1
context-interactive pre-training,1
traffic-aware active learning,1
colloql,1
infoxlm,1
daily behaviours,1
linguistic protoforms,1
synsemclass linked lexicon,1
dutch lexicographic resources,1
flat structure,1
frames-and-constructions analysis,1
progression system,1
werewolf game corpus,1
seer/medium,1
divination/medium results,1
pragmatic frames,1
constructions in english,1
ted talk parallel corpus,1
reference-aware framenet annotation,1
pinchah kristang,1
(a)synchronies,1
meaning construction,1
parallel framenet,1
knowledge induced neural net,1
gbe,1
adventure,1
fraunhofer iais,1
gdx,1
callig,1
improvisation games,1
tv game la ghigliottina,1
dictionary of kristang,1
olivaterm,1
racai's word sense alignment system,1
unior nlp,1
contextual stereotypes,1
existing methods,1
paired suggestions,1
poetry composition system,1
situated data,1
situated systems,1
game-specific words,1
npc dialogue,1
the elder scrolls v: skyrim,1
image labels,1
gwaps (games with a purpose),1
intent segmentation,1
different levels of interoperability,1
attic,1
sensorimotor norms,1
foodborne illness complaints,1
english annotations,1
enascorp0,1
english-esperanto automated literary translation quality,1
binder style word embeddings,1
clevr_hyp,1
neuro-cognitive corpus,1
batch-weighting,1
cultural nuances,1
hallig-wartburg's begriffssystem,1
cologne digital sanskrit dictionaries,1
terme-à-llod,1
lime-flavored rest api,1
llod cloud,1
order embeddings,1
2020 status,1
health materials,1
refined temporal relations,1
chronological events,1
animal disease surveillance,1
mobilization,1
verbal aggression,1
xenophobic attitudes,1
greek twitter,1
financial crisis,1
mining wages,1
quadrupletbert,1
lr4sshoc,1
disciplinary boundaries,1
ssh bridge,1
downstream named entity recognition,1
learning target concept,1
stroke,1
ggponc,1
long-tail adverse drug reactions,1
nanopublications,1
kanyasulkam,1
linto platform,1
resilient translation platform,1
missing part,1
tl-explorer,1
image description systems,1
people-domain,1
covid-19 knowledge graph,1
bertchem-ddi,1
portulan clarin,1
cobiliro,1
japanese recipes,1
national relay stations,1
kairntech sherpa,1
ml platform,1
web service protocols,1
nlpaas (natural language processing as a service),1
content curation workflows,1
processing platform,1
smell experiences,1
oupoco,1
linking character names,1
short anonymized novel fragments,1
reddit international english,1
querent intent,1
fine-grained manual annotation protocol,1
pymmax2,1
multiprover,1
automatic topological field identification,1
predicting wikipedia hyperlinks,1
artwork titles,1
rendezvous across languages,1
vectorian age,1
detection of shakespeare quotes,1
vital records,1
errant,1
australian ww1 diaries,1
single blind literary taste test,1
pep,1
ontology-based medication,1
language-model-based common sense validation,1
nlpdove,1
team donotdistribute,1
adelaidecyc,1
andes,1
bhamnlp,1
multioped,1
grupato,1
plot-guided adversarial example construction,1
nova-wang,1
ntuaails,1
offensemblert,1
pum,1
team oulu,1
type and target,1
el-bert,1
emphasis distribution fusion,1
randomseed19,1
swords,1
inno,1
medical conversation,1
pesudo label strategy,1
nits-hinglish-sentimix,1
reed,1
bag-of-words approaches,1
team_swift,1
linguistic feature set,1
voice@srib,1
wessa,1
zyy1510 team,1
cyberwalle,1
ids,1
data coverage,1
applicaai,1
span cls,1
galileo,1
word emphasis selection,1
aschern,1
textlearner,1
contextualized ranking system,1
sports commentary domain,1
kdelab,1
cybertronics,1
dothemath,1
garain,1
progressive generation,1
ir3218-ui,1
checkpoint ensemble,1
kafk,1
estimating aggression,1
multi-granularity ordinal classification,1
keis@just,1
ks@lth,1
kuisail,1
bert-cnn,1
kungfupanda,1
arabert's pretrain-finetune discrepancy,1
nlp_passau,1
alexu-backtranslation-tl,1
ynutaoxin,1
utmn,1
umsiforeseer,1
3218ir,1
conv1d,1
bpgc,1
information-sparse discourse state tracking collection,1
ltiatcmu,1
multi-granular propaganda span identification,1
newssweeper,1
psuedoprop,1
ensemble sentence level classifier,1
soccogcom,1
ensemble architecture,1
syrapropa,1
bert architectures,1
tui,1
uaic1860,1
meistermorxrc,1
search box,1
iust,1
ensemble bigru model,1
hasyarasa,1
jokemeter,1
convolutional humor,1
kdehumor,1
patient mortality,1
dataset humicroedit,1
short-edits based humor grading,1
bi-fusion techniques,1
palomino-ochoa,1
nuaa-qmul,1
densenet,1
biasing transformer,1
parallel-channel model,1
cs-embed,1
hinglish sentiment detection,1
bilingual vector gating mechanism,1
buhscitu,1
citation worthiness,1
domain-transferable fact verification,1
violent death narratives,1
warren,1
differentiable,1
spatial reasoning,1
spartqa,1
byteam,1
ethan,1
neuro-symbolic cloud computing,1
pheonix,1
ordered neurons lstm,1
bertatde,1
term-definition pairs,1
deftpunk,1
rnn-ensemble,1
unsupervised joint candidate evidence retrieval,1
unixlong,1
ab antiquo,1
generative morphemes,1
candidate sentence generation,1
multi-task learning architecture,1
guoym,1
infotec,1
centrogeo,1
memebusters,1
memosys,1
sis@iiith,1
concept-specific biases,1
urszula wali'nska,1
xlp,1
vgg16,1
baksa,1
deep learning brasil,1
fissa,1
fine-tuned for feelings,1
syntactic semantic lstm architecture,1
hcms,1
csecu_kde_ma,1
ei-bert,1
method for predicting headlines' humor,1
xsysigma,1
focal loss,1
elmo-nb,1
beholder,1
nb,1
funny3,1
humoraac,1
trump mentions,1
lmml,1
bert-flair,1
bfhumor,1
deeppavlov logistic regression,1
funniness evaluation,1
unituebingencl,1
non-optimal,1
wuy,1
pin\_cod\_,1
problemconquero,1
salamnet,1
depictions of christ,1
parties,1
europeanization,1
aranet,1
arsarcasm dataset,1
intensive preprocessing-based approach,1
asu_opto,1
recognition of self,1
body behaviours,1
storiesinthewild corpus,1
tabletop interfaces,1
low awareness situations,1
biofeedback data,1
screenplay quality assessment,1
nominated,1
translational nlp,1
reader identity,1
icelandic al\thingi transcripts,1
eu parliament committee meetings,1
slovene parliamentary proceedings,1
siparl corpus,1
blue,1
conscientious,1
hopeedi,1
kancmd,1
kannada codemixed dataset,1
neural implicit motive pattern recognition,1
early pandemic,1
russian medical professional discourse,1
stimuli,1
data limitations,1
lilah emotion lexicon,1
igc-parl,1
czech parliamentary stenographic protocols,1
1803,1
present day,1
online story writing,1
narrative time disruptions,1
natural language privacy policies,1
pysbd,1
t-sne,1
whatlies,1
howl,1
open-source wake word detection system,1
inltk,1
endangered mordvinic languages,1
pimlico,1
pragmatic sentence boundary disambiguation,1
modernist fiction,1
sacrerouge,1
python frameworks,1
tomodapi,1
rsmtool,1
waffle,1
freeform linguistic exploration,1
primary care providers,1
flexneuart,1
nmslib,1
fair embedding engine,1
rust,1
emotion arcs,1
dynabench,1
moral biases,1
arabisc,1
lxper index 0,1
score-based feature gates,1
bert enhanced neural machine translation,1
low,1
nepali news media texts,1
pop songs,1
chat operators,1
annotating grounded clarifications,1
arbml,1
clevr parser,1
language grounded image scenes,1
privacy settings,1
regularized mahalanobis metric,1
smatgrisene,1
scholarly document chunks,1
db-to-document backprojection,1
deeppapercomposer,1
parsing research papers,1
local citation recommendation,1
sciwing,1
erlkg,1
grounding of formulae,1
direct rewards,1
taxoclass,1
scholarly document quality prediction,1
cydex,1
mermaid,1
scientific collections,1
systematic literature reviews,1
document-level definition detection,1
insights platform,1
manual information extraction,1
cnf blocking,1
academic expert search,1
preprint servers,1
sonal.kumari,1
tac,1
team rouges,1
ujnlp,1
unt linguistics,1
linear svc,1
lightweight ensembles,1
woli,1
capsule,1
multilingual offensive language,1
first workshop on scholarly document processing (sdp),1
acknowledgement entity recognition,1
covidex,1
keyword search infrastructure,1
document-grounded generation,1
ai research,1
laysumm,1
log-loss scores,1
bridging inference,1
geometric word,1
unsupervised post-processing,1
natural alpha embeddings,1
simple learners,1
docbert,1
misogyny categorization,1
weight pruning,1
ccg primitives,1
self-alignment pretraining,1
phrase complexity estimation,1
likert scale data,1
laguntest,1
health literacy,1
interpretable features,1
information cascades,1
hungarian clickbait,1
higher density,1
lower bias,1
italian misogynist,1
intricate relationship,1
nlp-pingan-tech,1
iiitbh-iitp@cl-scisumm20,1
auth,1
ml,1
team mlu@cl-scisumm20,1
njust,1
citeqa,1
artu,1
tu wien,1
monash-summ@longsumm 20,1
scisummpip,1
coherence prediction,1
summaformers,1
slice-aware neural ranking,1
wrong question,1
pingantech,1
systematically testing,1
vqa generalization,1
document/abstract alignment,1
travel routes,1
paired transliterated-cognates,1
english learner assistance systems,1
"the scientific entity in this title is ""committees"".",1
total cost of annotation,1
greedy controllers,1
verbocean,1
complementary task,1
learning and representation capabilities,1
leaf path projection view,1
lancaster sensorimotor norms,1
tagging russian,1
np bracketing,1
fine-grained intents,1
svm reranking,1
error measures,1
cognition results,1
japanese word accent,1
zai,1
real error patterns,1
capturing,1
japanese subjects,1
bash translation,1
telic roles,1
agentive roles,1
probing negation-awareness,1
tiny corpus applications,1
deterministic closed domains,1
mora phonemes,1
thai romanization,1
scalar meanings,1
concessive (-to),1
contrastive topic marker (-nun),1
-man `only',1
argument-adjunct asymmetry,1
kiru,1
one-at-a-time,1
all-at-once,1
maximum entropy capitalizer,1
signal subspace tracking,1
disguised agent,1
bingo,1
proteome database entries,1
controlled default unification,1
developing restricted domain applications,1
proposed methods of improvement,1
systematized annotation strategy,1
aggregate a posteriori linear regression,1
perceptual structure,1
自動轉寫 (transcription),1
noise estimator,1
hulk,1
web automation applications,1
詞首詞尾研究,1
energy efficiency benchmark platform,1
mandarin verb zou,1
dynamic centering,1
definite description resolution,1
detectors,1
person name resolution,1
rare events,1
nonstructural distance metric,1
minimum cluster distortion,1
vqa-mhug,1
prestige,1
number agreement,1
ud-style heads,1
fully expanded wfst model,1
clustering contexts,1
similarity spaces,1
mention heads,1
hierarchical recognition,1
diagrammatic reasoning,1
syntactic space,1
beyond thunderdome,1
mixed properties of light verb constructions,1
a nohta / a twuta,1
japanese ta / teiru,1
knowitnow,1
inconsistently spelled names,1
bidirectional inference,1
easiest-first strategy,1
multifaceted labels,1
spanning tree algorithms,1
large-scale comprehensive abusiveness detection dataset,1
arbitrary nlp metrics,1
dense annotation,1
automatic semantic role labelling,1
web-derived answer patterns,1
robust combination strategy,1
maximum expected f-measure,1
evita,1
relation-aware bidirectional path reasoning,1
hiero machine translation system,1
structural ambiguity resolution,1
mirrorwic,1
sources of opinions,1
collective content selection,1
practically unsupervised learning method,1
neuralign,1
maximum entropy word aligner,1
effective global features,1
the perceptual assimilation model,1
babyberta,1
shape bias,1
occupation-related activities,1
node relation labeling,1
inner-outer bracket models,1
hidden blocks,1
minimum sample risk methods,1
cognitively motivated dataset,1
ravenclaw dialog management architecture,1
comp ling,1
descriptive games,1
atomic organization,1
semantic scattering model,1
indexed phrase structure grammar approach,1
rule-to-rule hypothesis,1
mt developer/provider,1
supervised baseline,1
transbooster,1
holistic regression testing,1
technological reflections,1
summary-source proposition-level alignment,1
morpho-syntactic language resources,1
coarse-to-fine labeling framework,1
opqa corpus,1
anglabhart-ii architecture,1
english-hindi mt (machine translation),1
coding workflow,1
arbitrarily long phrase,1
increased exposure,1
adjacency constraint,1
korean [manyak ... v-telato] construction,1
the meteo case,1
intermediate/advanced french majors,1
scrolling interactions,1
production-based learning,1
audio notebook,1
scaffolded input,1
minimum user feedback,1
analogous themes,1
vocal joystick,1
individuals with motor impairments,1
conversants,1
codified close translation,1
productive mt,1
text derivation,1
germ dialogs,1
volkswagen,1
compact data structure,1
template-grammars,1
structure-based mt,1
"""zui hao shi""",1
zhengzai,1
boomer,1
data preparation toolkit,1
sala-ii data collection,1
number of reference translations,1
foks error model,1
speech cuer,1
cluvi,1
university of vigo,1
pbie,1
debie,1
easyturk,1
light-weight transformer-based toolkit,1
multitype applications,1
manual transcripts alignment,1
time-code transfer,1
selection of exact transcripts,1
paradigm tables,1
trankit,1
acla project,1
reusable components,1
語意相依法則 (semantic dependency grammar),1
universal platform independent multi-channel audio recording software,1
muli project,1
webode platform,1
lesk approach,1
safar framework,1
lancaster corpus,1
wordnets' validation method,1
speechrecorder,1
alceste,1
catalan unrestricted text,1
sas text miner,1
spad-crm,1
temis text mining solutions,1
pitagger,1
asad,1
la repubblica corpus,1
tei(xml)-compliant corpus,1
aibo robot,1
sltev,1
opus corpus,1
abar-hitz,1
wordnet affect,1
covrelex,1
word stems,1
nisaba brahmic library,1
thematic indexes,1
normalization and processing utilities,1
transcrigal,1
basque dependency treebank,1
user comment analysis framework,1
av@car,1
sf-qa,1
doctor-patient dialogue corpus,1
standardized patients,1
pseudo-captions,1
balanced ordinal classification paradigm,1
revisionbank,1
covid-19 retrieval system,1
predictable aspects,1
matilda,1
wala,1
url,1
logos.uio.no/opus,1
slr,1
asian-pacific area,1
forum 0,1
lineal structure,1
pattern extraction workbench,1
text-to-hypertext conversion,1
vid project,1
t-ner,1
answerquest,1
term collection,1
french: easy,1
understanding capability,1
terminological concept modelling,1
ega language documentation,1
meeting room,1
parallel transcript,1
national research funding,1
ensemble-based active learning,1
structural metadata,1
multiple aspects of coherence,1
exponential priors,1
source-pair information,1
writer's block,1
strategic directions,1
heart,1
reuters-21578 subsets,1
alles,1
automatic content extraction (ace) program,1
english --ing,1
infotainment management,1
reference annotation framework,1
itu-t recommendation,1
octis,1
sentence-internal prosody,1
opus-cat,1
probabilistic rasch analysis,1
desktop nmt,1
摘要 (summarization),1
bluetooth communication environments,1
daily living assessment coaching demo,1
結合統計與語言訊息的混合式中英雙語句對應演算法,1
中央研究院,1
詞網,1
punktuator,1
領域標記的詞彙知識庫,1
chinese named entity tagged corpus: cnec0,1
機率式句法結構 (probabilistic context-free grammar - pcfg),1
情緒語音合成 (emotional speech synthesis),1
單元選取 (unit selection),1
zhao's pitch scale,1
matlab,1
gesture-speech alignment,1
stacked conservative error correction,1
frameform,1
the one-sense-per-discourse constraint,1
spartacus-database,1
tst centre,1
8th - 21st-century dutch,1
aurora framework,1
grew tools,1
maddog,1
term-in-context highlighter,1
japanese-slovene learners' dictionary,1
balkanet shared ontology,1
annotated handwriting datasets,1
lome,1
two-dimensional text online,1
formal listening tests,1
data-driven adaptation,1
minicors,1
cost 278 masper initiative,1
large telephone databases,1
correct interpretation,1
maus,1
bits speech synthesis,1
pan-european broadcast news database,1
terminal device,1
align term variant translations,1
covax system,1
express lane,1
pattern discovery,1
connector usage,1
paladin,1
alphabetical processions,1
speech-to-speech translation components,1
lda-toolkit,1
cost249 speechdat(ii) sig reference recognizer,1
evaluation cookbook,1
t2ner,1
noise db,1
gcm,1
redundancy-based correction,1
lsa-based summarization,1
chinese monograph,1
semantic atomicity,1
orthographical disjunctive agglutinative language,1
verbal segment,1
slinket,1
partial modal parser,1
observatory,1
descriptive standards,1
partial new cache,1
morphosaurus subword lexicon,1
joint intelligibility evaluation,1
geographical regions,1
formal v. informal,1
register-differentiated arabic mt evaluation,1
x-score,1
coarse-grained sense inventory,1
关系标注 (relation annotation),1
实体 (entity),1
evasy sus/acr campaign,1
stroke disease,1
accent adapted spellcheckers,1
morphdb.hu,1
dutch aphasic speech,1
codas,1
orthographics cues,1
局部伪标注 (pseudo partial annotation),1
evaluating theme detection systems,1
discussion paper,1
"""then""",1
sentence-level linguistic features,1
sense-discriminating context patterns,1
brazilian-portuguese grammar checker,1
cetenfolha corpus,1
phonetic distance measure,1
incremental tri-partite approach,1
automatically generated timelines,1
sammie corpus,1
iterative evaluation,1
alvis format,1
us-based method,1
language exploitation technologies,1
action control dialogue,1
information commons gazetteer,1
lefff 2 syntactic lexicon,1
chil,1
joint prosody evaluation,1
generalized hebbian algorithm,1
word sense dominance,1
repair targets,1
chinese sentence-level gender-unbiased data set,1
eclipse annotator,1
term orientation,1
web-corpus randomness,1
cder,1
block movements,1
textual parallelisms,1
morality between the lines,1
pausibility,1
resource discovery methods,1
isl meeting corpus,1
emotionally relevant behavior,1
competitive evaluation,1
dialectal resources,1
alt-web experience,1
uam text tools,1
糖尿病 (diabetes),1
pycot,1
optimality theory-based pronoun resolution toolkit,1
cub reporter dialogues,1
enhanced characters,1
nomos,1
personified sentences,1
who/when/where extraction,1
confident entailer,1
trec relationship questions,1
lexical base,1
semantic-based keyword recovery function,1
multi-user environments,1
跨语义依存分析 (cross-semantic dependency analysis),1
amharic-english bilingual lexicon acquisition,1
onetime,1
real-life video interviews,1
coders,1
shalmaneser,1
combina-pt,1
social media domain,1
modular object-oriented decoder,1
ritel corpus,1
jointly learning salience,1
中国古诗主题模型 (chinese ancient poem topic model),1
manifold ranking,1
msfa,1
wraetlic nlp suite,1
mixed word,1
technolangue mt evaluation campaign,1
lemma-oriented dictionaries,1
concept-oriented terminology,1
i-cab,1
learning-to-match,1
greek utterances,1
global prototype learning,1
act-topic patterns,1
automatically checking,1
mulinco corpus,1
ns-hunter,1
ranked list loss,1
high precision pos tagging,1
agset,1
spit-mdb,1
querying language resources,1
character semantics,1
princpar,1
matching classification schemas,1
dihana,1
danmu comments,1
lrra,1
reflexive verbs,1
bpe分词 (bpe segmentation),1
句法感知图卷积神经网络 (syntax-aware graph convolutional neural network),1
ubiquitous knowledge modeling,1
masi,1
对抗训练 (adversarial training),1
自编码器 (self-encoder),1
小句复合体 (clause complex),1
parsing evaluation campaign easy,1
multiple intermediaries,1
3g multimodal services,1
融合情感分析的隐式反问句识别模型,1
unifying machine,1
synaf,1
implicit rhetorical questions recognition model,1
equer,1
中文隐喻识别模型 (chinese metaphor detection model),1
frasques,1
equer evaluation campaign,1
t2o,1
agreement on set-valued items,1
中文新词发现方法 (chinese new word discovery method),1
multi-granularity features,1
open domain paraphrasing template acquisition method,1
readable dictionaries,1
linguistic suite,1
polish cadastral system,1
spoken guidance system,1
scientific portal generator,1
diacoris project,1
software identifiers,1
tv ice-hockey commentaries,1
information interaction enhancement,1
sense folder detection,1
court stenography-to-text (``stt''),1
construction types,1
graded chinese character list,1
lean approach,1
lexadv,1
edit machines,1
道德,1
probabilistic answer type model,1
languages without word delimiters,1
uyghur sentiment classification model,1
p2p content sharing systems,1
confirmed knowledge,1
multi-task punchlines recognition method,1
resource-based,1
tibetan text proofreading evaluation set,1
french expletive pronoun occurrences,1
ti-reader,1
pola grammar technique,1
high-quality tibetan dataset,1
ebonsai,1
news events element extraction,1
tibetan knowledge graph representation learning,1
joint capsule neural network,1
improved-edit-distance kernel,1
jcapsr,1
分類 (classification),1
自動切割 (automatic scene segmentation),1
電視新聞語料場景 (television news database),1
風險最小化準則 (risk minimization criterion),1
libsvm,1
iterative message passing,1
speaker change detection,1
高斯混合模型表徵器 (gaussian mixture model tokenizer),1
creation of metadata,1
appling,1
free assistant of structural tests,1
搜索结果多样化方法,1
双星型自注意力网络,1
weighted d-knn classification,1
two kinds of models,1
異體字語境關係,1
分析與建立,1
chinese base np detection,1
stylized embedding,1
gazetteer look-up component,1
vietnamese event detection,1
dependency-guided character-based slot filling model,1
automatic slide generation,1
义原表示学习 (sememe representation learning),1
interactive restricted domain,1
lexicon-constrained character model,1
词向量表示方法 (word representation),1
ctemp,1
non-anaphor identification capability,1
korean speech acts analysis,1
global path-based refinement,1
vietnamese syntax guidance,1
pivotal language system fusion,1
parameterised,1
parameter-free,1
relative selection,1
book recognition,1
speech corpus generation,1
xlm word representation,1
chinese verb-noun anomalous collocations,1
discriminative label identification,1
thesaurus extension,1
term-based ontology alignment,1
encyclopedia qa system,1
verbs of stealing and robbing,1
tree annotation tool,1
multiple reading support systems,1
pre-qin ancient chinese wordnet,1
separation and reunion phenomena,1
context boundaries,1
high efficiency realization,1
single and multiple pp attachment,1
grouping algorithms,1
chaining algorithms,1
multiple discriminant analysis approach,1
polarity scores,1
hownet semantics,1
plsi utilization,1
sliding windows hierarchical attention,1
intentional context,1
中文文本道德句,1
passage structure attacks,1
recursive sentence decomposition,1
计算语言学 (computational linguistics),1
wrapper syntax,1
multilingual gloss transduction,1
词汇难度特征 (features of lexical sophistication),1
学术英语写作 (academic english writing),1
中美学者 (chinese and american scholars),1
social covariance,1
motioning dimension,1
transliteration modeling,1
targeted human annotation,1
lpath+,1
first-order complete language,1
form-meaning interface,1
verbs of exchange,1
language measurement,1
interagency language roundtable,1
论文 (research paper),1
arabic-english ghmt system,1
psdig,1
termprofile.com,1
modeling finite state networks,1
dcu 250 arabic dependency bank,1
lfg gold standard resource,1
preposition-verb knowledge base,1
mt operationally,1
added value,1
media exploitation,1
gphin,1
services canada,1
online job listings,1
verbs of avoiding,1
lionbridge,1
postag-based source reordering,1
smt decoding,1
online volunteer translators' aid system qrlex,1
small fan,1
representation enhancement,1
analytical relation,1
chinese amr parsing,1
generic architecture,1
specifier,1
reference wordlists,1
structure tree database,1
word-position-based attributes,1
length-sensitive classification thresholds,1
oddities,1
intelligible korean speech synthesis,1
suis,1
danpo,1
transcription-based dictionary,1
word independent context pair classification model,1
boundary prediction,1
term re-occurrence,1
burstiness,1
written task descriptions,1
robust stochastic parsing,1
determination of scope,1
predicate composition,1
elementary school mathematics classrooms,1
frequency adverbs,1
meaning-game-based generalization,1
mandarin spatial terms,1
wai,1
weak indefinites,1
non-uniform redistribution,1
web browsing capability,1
constrained finite-state morphotactics,1
concentrated modification structure,1
chinese stylistic features,1
xnlrdf,1
open source natural language resource description framework,1
web communication assist aide,1
repair structures,1
wer-bert,1
l'acio-web,1
weakly supervised named entity recognition,1
spanish sentence realization,1
manual linguistic quality evaluation,1
adverbial accusative,1
loom-lag,1
language-independent level,1
lag,1
syntactic interference,1
interchangeable rephrase,1
machine-learned generation module,1
moored,1
sentence-realization algorithm,1
emotional variation,1
believable behavior generation,1
speech-plans,1
evaluative responses,1
corpus-based fitness function,1
easy references,1
double subject,1
floated,1
event-driven news stream,1
default case,1
computer-based information management,1
conference interpreters,1
infallible information butler,1
low-resource biomedical qa,1
"text ""styles""",1
degree modifiers,1
verb ha- `do',1
edge-integrity,1
taiwanese verbal complexes,1
lag framework,1
ecm,1
category set of words,1
hierarchical part-of-speech system,1
coordinate expressions,1
mutual case relation,1
style coordination,1
document deixis,1
diag experiments,1
proof content,1
multiple japanese named entity chunkers,1
structure preserving embeddings,1
transformational priors,1
newsmtsc,1
rich (tree adjoining) grammars,1
text categorization task,1
superarv language model,1
askmsr question-answering system,1
bilingual suffix trees,1
communicating induction,1
minimum edit distance,1
floresta sint\'a(c)tica,1
elsst,1
automated compounding,1
quality models,1
universiti sains malaysia,1
functional chunks,1
disfluency placement,1
augmented mixture models,1
incremental decision list learner,1
multihumes,1
random splits,1
generation-heavy hybrid,1
storage capacity,1
unextractable,1
generalised rule reduction,1
unwanted headaches,1
corresponding themes,1
house of cards,1
fisher kernels,1
bert prescriptions,1
easy instances,1
letter level learning,1
slinerc,1
sydney language-independent named entity recogniser and classifier,1
pp arguments,1
evaluating parsers,1
combined measures,1
categorial fluidity,1
phrasenet,1
sentence number,1
process-level representation,1
training connectionist models,1
combination issues,1
optimum iteration number,1
exceptionality,1
preposition semantic classification,1
feature-tag,1
stacked model,1
noun coordination information,1
class distribution constraint,1
perceptron-based named entity chunker,1
online recognition feedback,1
seed list features,1
illiterate communities,1
hundreds of thousands of features,1
variation of entropy,1
antecedent recovery,1
coercive two-level syntactic transduction,1
projection extension algorithm,1
effect of teaching,1
voiser,1
approche multi-agent,1
proof-net interfaces,1
meta-level contstraints,1
l2c,1
skew,1
weighted feature structures,1
pace,1
glr parser,1
surface phrasal types,1
alternative structures,1
data-driven techniques,1
partially ordered multiset,1
maximizing metrics,1
representative corpora,1
voted,1
entity-aware masking strategies,1
star-free regular expressions,1
mining web sites,1
phrasets,1
hole semantics,1
formality-informed lexical resource,1
well-nested parallelism,1
avm description,1
translation literalness,1
named-entity phrases,1
混淆音矩陣 (confusion matrix),1
constructive disagreement,1
back-garden,1
domain-transcending mappings,1
back-channel acknowledgements,1
lexical fabric,1
finite structure query,1
transparent combination,1
chaincqg,1
unpalatable questions,1
task-based gold standard,1
trec 2002 question answering track,1
中英文音譯詞組 (transliterated-term),1
livetrans,1
taiwanese writing style,1
register,1
time aware network,1
ontological-based comparison,1
研究主題抽取 (extraction of research topics),1
知識概念模型 (ontology),1
多主題對話管理系統 (dialog management),1
speak and spell mode,1
history representations,1
broad coverage statistical parsing,1
visual guessing games,1
redundant views,1
comma restoration,1
black-box optimization,1
measured words,1
user-visible evaluation,1
ar-engine,1
multi-level italian computational lexicon,1
nlquad,1
novel object captioning,1
ecol-r,1
class library,1
yac,1
recursive chunker,1
morphological disagreement,1
system customization,1
predictive evaluation,1
"""challenge"" evaluation campaign",1
i3 speech workgroup,1
french cnrs,1
web-tables,1
the ontoquery project,1
unicode-based environment,1
terminology building,1
necessary cooperative systems,1
old sources,1
old-church slavonic,1
quantifying data leakage,1
single document summarization systems,1
project proposal tc-star,1
clef experience,1
efficient and flexible format,1
pax toolkit,1
delos,1
bug,1
objective analysis,1
critical resource,1
alternating recurrent dialog model,1
xml topic maps,1
declination,1
arabic speech synthesis system paradis,1
italian children's corpus,1
patedit,1
multilingual input methods,1
wikimatrix,1
greedy algorithm,1
management maintenance,1
field survey,1
autindex,1
isle mile,1
multilingual isle lexical entry,1
mlis-musi project,1
metalanguage resource,1
bdcon,1
search support,1
el volumen louder por favor,1
all america,1
referential categorization,1
french proper names,1
diadorim,1
terminological enrichment,1
non-interactive mt evaluation,1
general text,1
local speech rate normalization,1
matslex,1
crisis talk scenario resources,1
methods of language documentation,1
dobes project,1
metadata tools,1
lrep,1
exchange protocol,1
extraneous content,1
short run inference,1
restaurant domain,1
multilingual xml,1
e-retail domains,1
dutch multimodal system,1
train timetable information,1
si-tal corpus,1
mt prototype,1
enhanced dialogue markup,1
acoustic centres,1
chemu-ref,1
xml-based regular compiler,1
nexing corpus,1
isle guidelines,1
bas,1
established methods,1
french spelling,1
formal mechanisms,1
cross-topic rumor detection,1
tiger annotation scheme,1
verbal protocols,1
parole pos,1
lcs database,1
decomposable metric,1
publisher data,1
distribution server,1
dicopro,1
dicoeast,1
rero projects,1
lexicographical station,1
sound archive,1
bizkaifon,1
concept frames,1
english diphthongs,1
asr lexicon,1
laperla,1
old printed latin texts,1
research laboratory atilf,1
spanemo,1
structure definition,1
literary research,1
relwalk,1
pills,1
practice texts,1
telephone transmission,1
topic-mixtures,1
human-to-human speech quality,1
labelling proposal,1
vico spoken dialogue system,1
automatic functor assignment,1
chemical domain,1
dl texts,1
meteorological simulations,1
best result,1
nist rich transcription,1
2002 evaluation,1
web site assistant,1
attested forms,1
ancient spanish dictionaries,1
web-based english abstract writing tool,1
heterogeneous segments,1
transparent structures,1
task completion prediction,1
slds (spoken language dialogue system),1
implicit unlikelihood training,1
bart-tl,1
search errors,1
syntactic nuclei,1
syntactical information,1
cross-environmental conditions,1
sick-nl,1
industry promotion center,1
polidat,1
database ltdigits,1
segmental lengthening,1
quantitative parameters,1
optimum text size,1
proper name pronunciations,1
catcg,1
general purpose parsing tool,1
applied,1
treebank tool suite,1
pronunciation of german,1
parole publique project,1
viqtorya,1
recording techniques,1
dutch natural language inference,1
segmental-tonal neighborhood effects,1
brand sentiment,1
cst bank,1
princeton versions,1
trilingual corpora,1
cogest,1
comparative evaluations,1
metalex approach,1
postal address detection,1
grid computing,1
egram,1
question treebank,1
mediterranean languages,1
resource-light automatic mt evaluation,1
quality deterioration,1
russian language resources,1
a2q,1
generalised claim detection,1
ontotag's linguistic ontologies,1
semantic amalgamation,1
java speech grammar format,1
hangeul word embeddings,1
huaiyi sentences,1
configurable annotation workbench,1
general pos tagger generator,1
warao,1
deepthought core architecture framework,1
endiacc,1
acoustic corpus,1
european portuguese nasals,1
callisto,1
ilr-rated texts,1
med-typ,1
the neologos project,1
term distribution measures,1
multilingual lama,1
ontology platforms,1
relevant mathematical premises,1
pumping documents,1
classification pipeline,1
linguistic encapsulation,1
namenet,1
self-improving resource,1
histogram hopping,1
distributional consistency,1
defining,1
computing reliability,1
multi-level header numerical tables,1
mead,1
military interest,1
defense language institute,1
transcontinental collaborative research,1
ai synergy,1
education agenda,1
fisher corpus,1
japanese multext,1
olissipo,1
lectio projects,1
public reference implementation,1
nlp-enhanced content filtering,1
parent-child dialogs,1
efficient word confidence measure,1
"""mile"" perspectives",1
empathbert,1
lesa,1
2003 topic detection and tracking evaluation,1
scenes,1
legitimate translation variation,1
intelligent written cultural heritage processing,1
semi-automatic syntactic,1
chinfadial experiment,1
hybrid constraints,1
trapper protocol,1
predicting tense,1
linguistic miner,1
demographic-aware empathy prediction,1
voxmex speech database,1
information repository model,1
content interoperability,1
svmtool,1
semi-automatic unl dictionary,1
nxt search,1
secure word embeddings,1
sst speech corpus,1
dynamic lexicographic data modelling,1
stage,1
continued evaluation,1
synthetic tasks,1
spanish se-constructions,1
metadata domain,1
spontaneously spoken queries,1
classify web pages,1
task-precise,1
carlo emilio gadda,1
principe dell'analisi,1
duca della buona cognizione,1
chinese remainder theorem,1
memphis project,1
doc2doc information retrieval,1
metadata descriptions,1
enconter,1
entity constrained progressive sequence generation,1
insertion-based transformer,1
q'anjob'al,1
guatemala,1
latent contextual relevance,1
dictionary of lemmas,1
specialised language checking tool,1
graph-based labeling rule augmentation,1
non-expert mt users,1
multi-lingual telecooperation,1
generative metonymy,1
celex dutch morphological database,1
domain-specific girt data,1
traditional tm/mt integration,1
bertese,1
spoiler detection model,1
african speech technology project,1
sgml (standard generalized markup language),1
regulatory compliance,1
standard-compliant,1
bidirectional morphology lookup,1
labeller's regional background,1
telephony databases,1
northern africa,1
elra validation methodology,1
standard promotion,1
most probable sentence problem,1
argumentative annotation schema,1
orthographic annotation,1
co-referring named entities,1
inquer,1
forgettable examples,1
ewn,1
polish named-entities,1
exretriever,1
annotated meetings,1
xterm,1
multi-modal deep support vector data description,1
strategic issues,1
multiresolution grids of contextual embeddings,1
national projects,1
academic formulaic expression database,1
communicative-function-based sentence classification,1
standard data categories,1
maritime domain lexicon,1
bpe merges,1
corporate voice,1
tone of voice,1
cypriot speech database,1
the integral dictionary,1
mega-cov,1
video-realistic,1
germanet verb frames,1
nist speaker recognition evaluation 2004,1
manual dictionaries,1
enabler thematic network,1
poesia project,1
winpitch corpus,1
conservation domain,1
project-then-transfer,1
null hypothesis approach,1
constraint-based rmrs,1
web-based list,1
proceed with caution,1
incivility in american news,1
cyc kb,1
lsoie,1
structsum,1
pre-sales marketing,1
som \aa kapp-ete med trollet,1
mrs-based norwegian-english machine translation,1
incremental beam manipulation,1
planning models,1
asl classifier predicates,1
robust large-scale ebmt,1
marker-based segmentation,1
michif verbal morphology,1
topical tweets,1
user stance detection,1
prediction by partial matching,1
open-ended vqa tasks,1
extremely small bert models,1
greek verb complements,1
flexible example annotation schema,1
translation corresponding tree representation,1
knowledge intensive word alignment,1
knowa,1
confirmation strategy,1
complementary evidence identification,1
coupled policies,1
bertective,1
predicative nps,1
sets of objects,1
emdros,1
nominal case frames,1
streaming models,1
post-sales software deployment documentation,1
online generic editing,1
multigram compound discovery,1
emotional phase-aware representations,1
onomatopoeic speech act verbs,1
mandarin adverbial jiu,1
pragmatically motivated tasks,1
tagged uyghur corpus,1
effective combination,1
different order n-grams,1
news-oriented keyword indexing,1
mycom international,1
transferable lexical substitution attacks,1
adversarial stylometry,1
sentence category transfer,1
action-effect sentences,1
complex multi-verbal predicate constructions,1
case phrases,1
head verb,1
contextual entropy,1
context-rule model,1
derivational scope calculation,1
mandarin quan1zi5(圈子),1
modified burrows-wheeler transform,1
medical protocols,1
deep subjecthood,1
mini-batch embedding,1
low resource topic modeling,1
january 1954,1
adaptive mixed component,1
dutch system description/ demonstration,1
lctl,1
end-users,1
online product support articles,1
maintenance issues,1
focus-marking,1
rrg operators,1
lkb system,1
heterogeneous dictionary entries,1
lexical affinity models,1
place name analysis,1
bit vectors,1
disk-csv,1
queen's agents,1
syntax-bert,1
queen's communicator,1
semantic tractability,1
technical achievements,1
latency budget,1
linearization-based hpsg,1
japanese zero pronoun resolution,1
learning theories,1
generalizing dimensionality,1
bimachine compiler,1
np-cluster,1
deterministic word dependency analyzer,1
condition of projectivity,1
referential games,1
regular languages,1
long state dependence,1
unsorted data,1
minimal acyclic sequential transducers,1
metric-type identification,1
ittf (intranet try to find project),1
development of tools,1
evalda-cesart project,1
cda,1
class semantic vector,1
morphocom,1
network of data centres (netdc),1
bnsc,1
arabic broadcast news speech corpus,1
permanent evaluation,1
russian information retrieval,1
evaluation seminar,1
grammar documentation,1
linear-time dependency analysis,1
rank-sum-based confidence measure,1
noiseqa,1
climp,1
category errors,1
discriminative slot detection,1
terascale semantic acquisition,1
uml (unified modeling language),1
term aggregation,1
crisscrossed captions,1
target english context,1
on-device lsh projection,1
proformer,1
nitpicking,1
biframenet,1
prespecified hypernyms,1
itemizations,1
pretrained dense corpus index,1
confusable drug names,1
language verification,1
fasil email,1
precedence relation,1
chronological sentence ordering,1
extended intramodal,1
intermodal semantic similarity judgments,1
rhetorical structure annotation,1
depression research,1
artifact-producing meetings,1
racial fairness,1
speaker-specific words,1
orange,1
ppt,1
automatically learned rewrite patterns,1
constraint-based multi-agent strategy,1
cascading use,1
ongoing email thread discussions,1
incremental topic representations,1
recognition of variation,1
path-based transfer model,1
enpar,1
brandeis semantic ontology,1
ws4lr,1
tv interviews,1
language-based deception indicators,1
idiom corpus,1
espresso-like bootstrapping algorithms,1
character association strength ranking,1
piglet,1
two-phased event relation acquisition,1
visual misinformation,1
verb disambiguation,1
civil narratives,1
chinese pretraining,1
criminal narratives,1
noun phrase coordination ambiguity,1
glancing transformer,1
uxla,1
word deletion,1
dangers,1
divorcing evaluations,1
word-pair antonymy,1
glyph,1
syngraph,1
real-world claims,1
plotcoder,1
seeded discovery,1
base relations,1
learning objective,1
non-compromising approach,1
interpretable energy prediction,1
knowledge-constrained,1
structural word insertion,1
weight distillation,1
adversarially pretrained convolutional neural networks,1
bertac,1
neural network parameters,1
training data mismatch,1
finding,1
bleu-optimal hypothesis,1
graph walk,1
hybrid processing,1
application bias,1
anti-racism,1
fish,1
many authors,1
exclusion,1
comparative parser,1
weekday names,1
syntactic time-series model,1
spoken osce assessments,1
random restarts,1
infosurgeon,1
predicate phrases,1
dynamically generated datasets,1
domain differences,1
distributional kernels,1
abbreviation recognition,1
citation summary networks,1
constituent dependencies,1
chart cells,1
tera-scale,1
pnr2,1
head noun tagging,1
kb-text embedding alignment,1
bilingual verb-noun collocations,1
bias measurement,1
instance-based ontology,1
poisoning knowledge graph,1
named-entity substitution,1
topic homogeneity,1
adverbial aspect shift,1
general purpose sentence realisation,1
homotopy,1
participants salience,1
tournament model,1
neo-sumerian ur iii,1
statistical mt approach,1
word lattice reranking,1
external context retrieving,1
schematic word patterns,1
synthesizing visualization code,1
htm,1
scenario template creation,1
underlying morphology,1
dynasent,1
ucsg,1
emotion space,1
gap resolution,1
document features,1
entity-driven rewrite,1
temporal websites,1
briefing templates,1
tsubaki,1
open search engine infrastructure,1
excar,1
automatic notification,1
awkwardly translated text,1
telling tail,1
signals of success,1
dynamic benchmark,1
polly,1
language-encoding support,1
global health monitor,1
errgrams,1
knowledge aware contrastive explanations,1
real or fake articles,1
kace,1
learning decision lists,1
duplicated documents detection,1
multi-level prefix-filter,1
one-turn topic transitions,1
personal name alias extraction,1
otters,1
large scale diagnostic code,1
protaugment,1
branching markov clustering (bmcl),1
canonical belief network,1
building resources,1
electronic negotiation texts,1
semantic negative examples,1
bert training,1
sampling alignment,1
combining outputs,1
kaggledbqa,1
reader emotions,1
pairwise loss minimization,1
emotional distribution regression,1
hotspots,1
visualizing edits,1
hierarchical feature selection strategy,1
probabilistic maximum margin model,1
semantic and linguistic understanding fusion,1
history of ideas,1
triplet lexicon models,1
harry,1
smurf,1
subsequence kernel,1
discriminative candidate generator,1
qasr,1
text domain,1
structure of medical dictations,1
paraphrasability,1
cline,1
cross-inducing,1
non-parametric metric combinations,1
sections in scientific abstracts,1
owl dl,1
component gloss translation models,1
temporally-anchored text snippets,1
statistical question answering,1
contextual speller techniques,1
bilingual synonym identification,1
minimally supervised multilingual taxonomy,1
chase,1
temporal labeller,1
paired evaluation,1
qcri aljazeera speech resource,1
event frame extraction,1
gene regulation corpus,1
conversational uptake,1
iceparser,1
baseform models,1
achieving goals,1
estonian institutional calls,1
holsum search scope,1
extended constituent,1
estonian emotion concepts,1
fairness benchmark datasets,1
tools for its creation,1
nlp interpretability,1
multivariate cepstral feature compensation,1
band-limited data,1
norwegian salmon,1
finnish non-plosive consonants,1
polynomial charts,1
totally unordered languages,1
fuelled,1
real-time generated football reports,1
time extraction,1
stacked convolutions,1
cg interlingua,1
multiple sluicing,1
error regularization,1
abstention,1
tombstones,1
tsml,1
dqn-based approach,1
japanese prime ministers' diet addresses,1
diversity of nouns,1
cue-based analytical perspective,1
lingual conceptual expression,1
distal demonstrative,1
hitlo,1
case extension,1
word meaning discovery,1
student re-ranking network,1
greek-english dictionary,1
event-based modality detection,1
potential verbs,1
extension of dictionaries,1
symbolic preference,1
lnn-el,1
pomset,1
mcfgs,1
three-dimensional parametrization,1
corporal sentence retrieval,1
以英語寫作輔助為目的之語料庫語句檢索方法 [in chinese],1
cyberon voice commander,1
zero-shot amr parsing,1
adversarial discriminator,1
advpicker,1
端點偵測技術 (voice activity detection techniques),1
不同韻律格式,1
語音科技,1
discourse prosody,1
sytle dependent contribution,1
n-gram reference distribution,1
causal graphs,1
self-trained bilexical preferences,1
humorous split compound errors,1
children's speech reading tracking system,1
islenskur orðasjóður,1
marvina,1
norwegian letter-to-sound engine,1
context dynamics,1
keyword variation,1
frequency based generation,1
searchable swedish-thai lexicon,1
cancer data,1
standardizing term banks,1
hierarchical timeline,1
manually detected,1
estonian unit selection synthesis,1
vowel categorization,1
udmurt,1
mate-kd,1
indirect uses,1
european solidarity,1
triple-advantage factor,1
reflective decoding,1
agggen,1
intent-preserving paraphrasing,1
layer-wise coverage attention,1
joint string-to-chunk models,1
factored string-to-chunk models,1
disentangling positional information,1
faut,1
clipperrss,1
trasl'an,1
legislator representation learning,1
public statements,1
voting behavior,1
many-to-many,1
effective crowdsourcing protocol,1
tecchie's travels,1
unidirectional generation,1
gradually soft multi-task,1
grammar comparison study,1
type descriptions,1
maximal projection,1
latent conditional model,1
unary templates,1
relational-realizational parsing,1
three way data,1
stance-aware aggregation,1
topic-aware evidence reasoning,1
fluid knowledge representation,1
context-aware rule injection,1
collabrank,1
linguistically annotated btg,1
large scale automatically constructed case structures,1
multi-metadata embedding,1
mect,1
encyclopedia relation extraction,1
mt workflows,1
syndicated feeds,1
study of dao (到),1
korean standard pronunciation,1
negative v+bo np construction,1
time-moving metaphors,1
ego-moving metaphors,1
co-event conflation,1
korean [psych-adjective +-e ha-] constructions,1
bound noun constructions,1
weak connectivity,1
parsing state,1
children's mindreading ability,1
focus account,1
contrastive reduplication,1
missing preliminaries,1
contrastivity,1
gei3ta1,1
presence and absence of blocking effects,1
excessive structural article,1
da3,1
autocor,1
billions of words,1
target contributions,1
im chat,1
army foreign language requirements,1
airplane manuals,1
olympic games 2008,1
department of defense,1
ontological ascent,1
belief modality,1
bare nominals,1
functional roles,1
architectural aspects,1
online collaborative wiki-based cat environment,1
augnlg,1
french subjunctive,1
ne expletif,1
computing thresholds,1
named entity hyponyms,1
lgesql,1
機器學習演算法,1
anawiki,1
mpc-bert,1
professor,1
screaming beast,1
anomalous words,1
value-agnostic,1
user disengagement,1
annotation efficient method,1
web cooperation,1
anomalous arabic text detection,1
the dad project,1
rhetorical complexity data,1
"italian particle ""ne""",1
drs (the digital replay system),1
malteval,1
division,1
jmwnl,1
high accuracy non-incremental transformer,1
popular science discourse,1
cluster adjacency,1
case distribution,1
similarity matrix size,1
parscit,1
crf reference string parsing package,1
surprisal estimators,1
baseline grammars,1
structural guidance,1
identity resolution,1
complex dynamics,1
semantic press,1
strategic information,1
informative expressions,1
pathtext resource,1
co-derivative documents,1
position feature,1
cdrnn,1
hierarchical layouts,1
controversial paternity,1
odl,1
object description language,1
multicultural name matching systems,1
infinite reflection,1
fine-grained bleu computation,1
economic view,1
heterogeneous graph-based interaction model,1
web-based lookup techniques,1
adaptive label smoothing,1
generative triple-wise model,1
real-life questions,1
collaborative lexicographic approach,1
gtm,1
certification,1
web-based listening test system,1
speech conversion evaluation,1
semiotic-based ontology,1
s-ontoeval,1
meeting browsers,1
learnda,1
dangling cases,1
censrec series,1
reverberant environments,1
modal logic tool,1
herald,1
mental associations,1
sentence relevances,1
hierarchical core-fringe approach,1
italian parsers,1
common treebank,1
evalita experience,1
evalita 2007,1
smail,1
diacritic annotation,1
virtual keyboards,1
portuguese-english word alignment,1
cleaneval,1
superbizarre,1
linkage-based refinement,1
ping-pong document clustering,1
bilingual text classification,1
1947 - 1998,1
ifadv corpus,1
woz acoustic data collection,1
interactive tv,1
punctuated text,1
ancora,1
u.s. policy agenda,1
legislation corpus volume 1,1
unsupervised resource creation,1
jena university language & information engineering (julie) lab,1
tagset comparision,1
d-coi,1
gale machine translation post-editing,1
veco,1
mpiemo,1
bantu a,1
central african republic,1
diac+,1
extreme class imbalance,1
technical logbook datasets,1
lexschem,1
progressive visual question answering,1
xml-encoded language resources,1
spoken smart-home interactions,1
cognitive ageing,1
adolescent speakers,1
german ph@ttsessionz database,1
companions project data set,1
communicative commonalities,1
dual reader-parser,1
complex actions,1
framenet-like resources,1
knofusius,1
gene expression data,1
children's oral reading corpus (chorec),1
cjpe,1
chemical informatics,1
bootstrep experience,1
cogalign,1
tunable targeted restyling,1
ontology search,1
ontoselect ontology library,1
multilingual ontology mapping,1
german wikipedia,1
lmm,1
owl-dl metamodel,1
terminology analysis,1
textsettr,1
mesh\copyright,1
concrete senses,1
similar term discovery,1
temporal aspects of terminology,1
women's studies terms,1
learning-based detection,1
wnterm,1
mcr,1
h-transformer-1d,1
honeypots,1
eksairesis,1
propagation uncertainty,1
covering set,1
processable resource,1
weighted rst-style discourse framework,1
parallel multi-theory,1
w-rst,1
"""se""",1
kalshnikov 691,1
parsing resources,1
boemie ontology,1
snippet ranking,1
joint document,1
rationale training,1
ace-07 et task,1
tan-ntm,1
label-specific dual graph,1
slot detection,1
asv toolbox,1
modular collection,1
metis language pair,1
rational lamol,1
minimum knowledge,1
linguistically light lexical extensions,1
tourism web pages,1
ministex,1
